svg_z_enc_within_resid,prop_total_resid,prop_relations_resid,prop_objects_resid
-1.5117442935338232,0.1646951841461261,-0.010490682693483078,0.18307666832575653
-2.2999515438726563,-0.30488092423721747,-0.2971925096628147,-0.22810129223746833
0.750724072886501,0.21714132967912148,0.1512508245927523,-0.008177640987286572
1.333475634591868,-0.02587924937871755,0.06450353067757231,-0.033629934078640955
-2.5015160590782113,-0.047093938778453415,-0.0021123346221282313,0.05538507799201675
0.6221822252240518,0.06094299916861812,0.12251437090019535,-0.00502894385381486
0.37433020656798677,-0.002836723268904162,0.07097595176311494,0.010712267349574534
0.5446013689493261,0.08571351398232796,0.332914470602219,0.04256859045682171
-0.5395414271268844,-0.513088299279091,-0.430398224652658,-0.5037841778416128
-1.271513901542999,-0.12866957915644506,0.07412647390347538,-0.1834185223461487
-0.4295653746301813,0.07637242710470948,0.06266021512797515,0.03173053941047588
-0.2966437913899843,0.0011606542472422099,-0.12198406092373121,-0.033131051396519895
-1.0852846932667706,0.18444436724205382,-0.18153051415487614,0.22247968004255986
0.2637406776862743,0.0660605305141036,0.30538366289712376,0.024367692470758373
1.698169356398156,-0.024541728124004403,-0.09910767593720493,-0.006069815362785502
0.706953217369409,0.2177834976087622,0.16897662486824966,0.20477990192568002
1.3053968230975315,0.11841008996719865,0.16084800393958387,0.13874507587238383
1.847225121571415,0.08134037908007574,0.04030310047527319,0.0181987285209122
-0.5068052788920958,0.024070365008748262,0.014723941792588624,0.12843951845424817
-0.05696163303783591,0.11869637729915872,0.1952419575584312,0.12195700878896998
-0.7872846801816473,0.011106337783804376,-0.03583213834796206,0.013779498307461946
0.5181678958089999,-0.010614449180931018,-0.11848675023317895,0.045010703484684056
-0.12978218437384725,-0.10429956015842756,-0.1645241578454935,-0.09137217345652393
0.4068758885092378,-0.1849538423312383,-0.22188841696432,-0.06804227562266685
-0.356754383908787,-0.046731109882572286,0.010276639265574261,-0.08025571864865366
0.7696610016793259,-0.054640405352852306,-0.11964584458106226,-0.04942814168027426
-1.442034601557678,-0.1364257322387492,-0.1978588894845244,-0.05454540864968105
3.135355622464761,0.17448859726731525,0.1443643963456991,0.12826604451123746
-1.0614752664118505,-0.017771108731751917,0.08198803539361654,-0.02451189975143242
1.7645139969088506,-0.08294361292634378,-0.12252485610063946,-0.14693151426147816
-1.730796386462249,0.13798400646697218,0.3843563341513166,0.1818281180594633
-0.4520444165401113,-0.16221962772754384,-0.20873594337861645,-0.19671636577431797
-1.0750180635952171,-0.3933013540653326,-0.40153271801171475,-0.37965169059534
-0.3961068800737409,-0.4107228098965121,-0.37083603990236236,-0.403372385201896
-0.2164536928007575,0.10460859156638197,0.1445280271257725,0.07224627616380275
1.821978274005755,0.026551415703281345,0.0836271205146592,0.03125512532224173
1.5538233880348744,-0.3839824569373367,-0.383014523793065,-0.3758593514055568
0.8470361978917224,-0.0669428827886358,-0.1154292023787924,0.0332979807858505
1.9481960385800274,0.07963982623048027,-0.10127319833043325,0.10798776128374282
-0.5706738258377345,0.4309597805377337,0.37169911090970936,0.460278675676443
1.5247035407165226,0.16626192978580356,0.06197892038701658,0.22155191678887054
-0.8347288163751513,0.16680628255056007,0.2872012002970788,-0.024529212865460837
-0.46221207043955637,0.01974323092399327,0.05771888958174082,0.0186049072204153
0.1569257589229459,0.34048988635022126,0.23808969504528021,0.2883530266115125
0.9156236955771127,0.380266154394139,0.40363468981083783,0.259835200483007
-1.167481767490047,0.22633540714610528,0.2672322215613372,0.17431341143022894
-0.1737754918416153,-0.4286291954169231,-0.41281567955083465,-0.4039898409182057
-2.2003403893952336,0.26287416074622477,0.25972186835102795,0.19589498293067736
-0.898550844784124,-0.036006325752657886,0.06291452308131262,-0.03709736208485387
1.3543629477870587,-0.378006694363619,-0.3534154138279368,-0.38209576844990994
-0.3450441900116708,0.014135224636749821,0.019477581662465993,0.06466275229094887
-0.18357755346488347,0.40540812906297197,0.09635142929897317,0.5834295068908595
0.6387954472318725,-0.3667487152351854,-0.3744671712419663,-0.36194001278075033
1.653430733582019,-0.08608553320047402,-0.06483052745663942,-0.120541066191655
-2.6678498936027033,-0.1497006757015401,-0.2502159899268399,-0.12822452525983918
-0.47906067967488236,0.08322490112375225,0.06536235778203342,0.15026689798439452
-0.5446798314494707,-0.05759716975807355,0.2004648422711775,-0.10614203722129723
-0.13371666350023603,0.05120997139234884,-0.005975248342236283,0.13657260107812652
0.3527214381010194,0.10638815515248368,0.16070770041036747,0.08671199201002189
0.058011374978016006,-0.15091445644861412,-0.07407486612720099,-0.2448889933993893
1.1088843337812462,-0.04299521603477818,0.08202163627916575,-0.07070858664749713
-1.063196219111741,-0.0001328760627854475,0.06090761784523363,-0.040017431836806616
0.09564760282157159,-0.054734394809102194,0.0555214201914222,0.01670221308682951
-1.1787100955839482,-0.057178117008366114,-0.11714739633999505,0.08081178414512669
0.4085802985994976,0.07195185810464566,-0.12280046141324702,0.041596053461726235
0.9295090154072618,0.037467299879265226,0.14460761238295516,0.003526441231516686
1.1897624285178374,-0.04358220639341137,-0.2712457229520907,0.027888077061472893
0.7182344233740586,-0.1029039464555862,-0.23154934958916723,0.04696828036304124
0.2974741399655198,-0.11467968326063849,-0.07462752370623693,-0.14300801526254436
0.5731526403052167,-0.12804299403524505,-0.18514575882520629,-0.16724900629306455
-0.7504165664585134,0.1485859283415643,-0.19173773616783102,0.36647313007664983
0.06865641114555499,0.0472403655994611,0.10713852214497316,-0.032223549894653036
-1.0188740137992016,0.0836962405591527,0.12443693385495519,0.0019660091219597664
-0.34327780476374004,-0.05869239754760369,-0.019406058394972225,0.007406802842116145
0.8166979928565106,0.16120607877451937,0.24860881766632942,0.14839581418880543
0.2625305911288218,-0.07479159657220308,-0.13388964737055148,-0.1453469902103588
-1.033836395625125,-0.009812158892710865,-0.010382164364565627,-0.12704823568099333
0.21732710623731133,0.04293645028951554,-0.04951558299542058,-0.036793090367969516
0.644524362980365,-0.12504027917352428,0.05476035555943476,-0.15624497992980302
0.30387319322817724,-0.1574195806414561,-0.38557307175386607,-0.08366642667658769
-0.7258251150398496,-0.02697300288754234,0.12359376199584532,0.04098080867465759
-1.5002426683314098,0.18318192438963776,0.25521330480720644,0.1874298821625271
0.1774589377589707,0.10209064079940283,0.14330400175506264,0.05518966967844885
1.1610594378215509,0.1202024060849406,0.05409739310636791,0.1629176546246494
-1.4170054121939808,0.1493337134015068,0.41288396241142566,0.05894268548021048
-1.4305044221796375,0.012979287777004411,-0.19332220786201723,0.09412367005846956
0.16163534153672376,0.12312252181606625,-0.04216104956299266,0.07647888338966241
0.0873507176539597,-0.38403267693893206,-0.2983997395038696,-0.3751966658642631
0.27893595044328134,0.0172661568691595,0.07477496165597286,0.04644254635284201
-1.273526549637499,-0.08308538592925457,-0.009816519024359316,-0.03501681200491635
0.44535813287616455,0.059305737049406726,0.10336027087963368,0.09429216840627447
-0.3797924502632066,0.008066783976655723,0.030837811768680445,-0.04443155836661272
-0.04068617911351624,0.0647241041086496,0.19566524037378044,-0.06121182999115338
1.2147600801983545,-0.06197828004574596,-0.10024453993582016,-0.12282194363758381
-1.418490279200809,-0.04399455941784297,0.012568336868880925,-0.09092388891322911
-0.360364413077127,0.09522231761554384,0.008734138815228776,0.12376222781603569
0.6815483780813821,-0.09845176467608135,0.007212120191100346,-0.20783643068054725
1.9488845772013235,0.15668620524124532,0.024351562724295672,0.2029870978185333
-1.078647576945716,-0.07121161099617479,-0.052825310550432714,-0.041766628703419184
1.5037545184888133,-0.01539332944727062,-0.0248201026276198,-0.04748667365328868
-0.05594355093734968,0.001973765318337928,0.010862505133221345,0.09522468001049761
0.4401983839215902,-0.015509353607776055,0.14349955286590604,-0.09932295970717142
-0.9847125490511743,-0.0552467985669593,-0.055958716083349236,-0.050359687272386044
0.2024180466352547,0.1110949608977409,0.0035736916658538065,0.22611281991586352
-0.04965487981440961,0.020126322818621534,0.22455591329819113,-0.07378348098179999
0.538982498432118,-0.15728395721271726,-0.043361694424209146,-0.14029315146295973
-0.43883324653270417,0.03631944456605596,-0.07035563941996786,0.10155194103371101
1.3565024699795332,0.1742909765989733,0.024126979399177795,0.17373366289118053
-1.1030150497128663,-0.07294797922514623,0.06466205287565757,-0.15768706384632764
,,,
-0.24615794898249962,0.17795711141051024,-0.03751961952083338,0.3134290773926287
-1.0362567369109925,-0.19115017475481683,-0.26028095617626545,-0.06287911420765607
-0.7500981142005356,-0.06596250759406486,-0.25835344050614,-0.07896500284872815
0.3218640792606229,-0.16108639898852584,-0.3368348593403938,-0.07740890134410683
0.6566727926777395,0.12579404147586037,0.36239525477837453,-0.11562456904361595
0.8285342637389767,0.0009934310694296178,-0.21238734590200575,0.02249429676067849
-0.042517148549015504,-0.09762261680253914,-0.014877244626866293,-0.08582480686239058
0.15464923478325143,-0.11445011784592202,0.1275736260519973,-0.1946008575315416
-0.09183285636873512,-0.06900752418016354,0.2553091385145595,-0.17618403873043792
1.0749263259191502,0.09836002346581502,0.12185291414356281,0.011704114369024687
-1.043569631429362,-0.130982121814068,-0.24135565043955154,-0.00951878502390957
0.8447223322299838,-0.005326657726527517,0.004617964066465086,0.016246445917744157
0.07210000689506194,0.3132684018474179,0.24517484816988566,0.24375990525324925
1.2016469149516849,0.11070863855492474,0.4541193197959731,0.024220191933863988
0.6784181968757697,-0.021599351027907887,-0.19628221980664334,-0.04068902273265329
-1.480993464294812,0.08363616748253055,-0.008250638401454347,0.1910379176240622
1.4947285684872398,-0.06831881429759451,0.09072174156055068,-0.11969113461548547
-0.35671494780669,-0.07238491446120882,-0.07685683784889302,0.04754702986368409
1.0652463691775396,-0.018095340535115412,0.07578801754488262,-0.08543459230776168
-0.7713139871271422,0.08277784883229189,-0.25046677014910285,0.2405855263217952
-0.275195901725649,0.08828196665527754,0.0035976479328308497,0.09416301665895532
-0.1973895476847009,-0.014715463838898768,0.09299362005904688,-0.10232832440071593
0.3708372589866503,-0.02400155001941745,-0.08010743732400882,0.023652958050672468
-1.5766713748932442,-0.3720148623903563,-0.34932487260663997,-0.35441576945272796
-2.89664045161103,0.02601381026803362,-0.36010073378288243,0.2651237121659083
1.7441289336497812,0.08928434692723541,0.2280687614671112,0.08076285463136451
-1.0997665475640095,-0.05729857106906949,0.05941440532351616,-0.1388045175367496
1.1104854325324118,0.46489831076735033,0.5238517475021063,0.38107146708744777
0.584239987211067,0.5105591585508067,0.4105636991759162,0.47954242484391346
1.4204424322715172,0.19821477084303907,-0.0027006567585395325,0.1771819938065855
0.7564288857205439,-0.4344593545698813,-0.3766427886017366,-0.436448239116894
1.2139598325920427,0.24420584378554494,0.09832711887132295,0.11529886146315876
-0.6431631383252272,0.09114600037634435,0.41329725923027477,-0.039235228693348445
0.39237413315380015,0.13115224845490064,-0.17507139077281592,0.31943373078257326
-1.097025707660133,-0.4172623771765845,-0.298362888914882,-0.45500805434533204
1.0214027152870835,0.043035867905029446,0.035505874587891784,0.11227062981228314
-0.6297680853453366,0.16566367323181408,0.10532771993898449,0.1521182951669806
-0.4230063506259,-0.05265138459702895,-0.05269084373345262,-0.06605423937434268
1.1446001639778862,0.15953509518274406,-0.043155266295646366,0.19335319554065433
-1.0704734936525506,-0.10394090969279546,-0.200275669790976,-0.11085012395308852
-0.4249994622829601,0.1861109216100909,0.4585335758296652,0.11151828222011767
-0.07196958882903913,-0.06858381866554253,-0.06789337764365627,-0.08353257997924618
0.12142289134292919,-0.30440003136093335,-0.11963570491188735,-0.36825782182495137
-0.16010728516450445,-0.44544820687036085,-0.329173618619351,-0.4665856899540039
1.019329396448634,-0.021144835138770135,0.22634588049429138,-0.07501645055640138
-0.5355295886716668,0.043506972649377806,0.1631132466823439,0.01616164868310027
-1.8974491750727003,0.07681474479083039,0.03404444704368381,0.03508867200836563
-1.6774798760609289,-0.06404128979841028,-0.15697653893355534,-0.006944897991380705
0.3860081210196694,-0.15843249556826378,-0.1661899572838587,-0.14404493629668352
0.11648865158467347,-0.07925657304808753,-0.10222692180074028,0.03989439881647294
1.0384179115055854,-0.456374958160677,-0.41718689404567444,-0.4363321090637939
1.2551812133423883,0.5640260417136959,0.2923729349238425,0.5614316310096219
1.043825301427658,0.37262375501966155,0.28674936055860856,0.52581552706726
-2.3315041813331474,-0.017551089173293177,0.1431569767522332,-0.06184835367008046
-1.0568672374705512,0.016980906182441413,-0.11706770331907573,0.05348576889051776
0.37236264512585243,0.13575971909435586,0.41054790357842463,0.07470286774101698
-1.6275642041425393,-0.43977083707984416,-0.3572211278378476,-0.44486231108400726
1.760423092625831,0.12398244150983123,-0.09541464840374264,0.2277231080509718
-1.2462311555487424,-0.042370658715551346,-0.031197328740098507,-0.04915835893904552
-0.25170156778311414,-0.15806440020232193,-0.10055234000289887,-0.21150466772714616
0.584713781416422,0.07556141887120915,-0.02370514887004893,0.07873098083223007
-0.8051690839289875,-0.08984693913795594,-0.1489131048144693,-0.11062764241593337
-0.24706795650837654,0.09627032783917255,0.16833983530521968,-0.0557698362341158
-0.09678324935194285,-0.10172688153094245,-0.08100553853789144,-0.06919963172999077
2.2436315640262854,-0.17515107125149887,-0.27525238943212454,-0.1444505527124762
-1.7246934713492423,0.1329679567575487,-0.045117185343352184,0.20730156042551107
-0.6394208150287222,-0.13955742548328576,-0.2828873343518132,-0.16865145828328537
0.6441307111149573,0.03520468348622929,-0.18624168268899044,0.09134872394074312
1.5953068319565968,0.009926899584819404,0.4643634949561629,-0.025210710767903044
0.3573547790052044,0.0836075603948313,-0.07130450893958018,0.22056741668094904
1.6523933161574282,0.12568476147457963,0.30492912011766676,0.0035915808381409287
0.2755679319469425,-0.11211478217066106,-0.28294330501272746,0.09847763477598359
-1.0323713729777837,0.11224210174243654,0.11218658296803874,0.17523791655510645
1.024773180292581,-0.1060257374348299,-0.19598583736098552,0.08974822832091744
0.2857259806070338,0.16772907434262685,0.42716731050929413,0.01043460753269465
-0.59212351868165,0.07239052619971442,0.06356124491832549,0.1027055794326357
-0.16875808857621272,0.10061944417515678,0.05507827316990954,0.26179084595058266
0.34644068600237105,0.04864386668690124,0.19398043381049124,-0.02860564005913402
-0.811565483784915,0.13612756084975142,-0.06408266091739645,0.10563887062179966
-1.5954290388624708,-0.08696760540099135,0.0493664121019739,-0.21441627484811232
0.9531249295891515,0.06585615505859754,-0.10989460564877596,0.16824463408261403
0.16920542506273867,0.00977985736699205,0.11815380726881641,-0.11919145665009878
0.8848103413534181,-0.09234006648225634,0.1176327282312537,-0.11611474546746314
1.4766652776096412,0.2902687645670743,0.27950058585291726,0.1316365599981516
-1.6537031175754513,-0.36163341505103874,-0.22444015857007116,-0.36566672367918285
-1.743135171091849,0.0038962240769656598,-0.01457647730499989,-0.015809329762003776
0.11430835490870166,-0.10097820061325513,-0.21616022267382862,-0.05107811071212376
2.220547263778105,0.16054696245045885,0.09443086983364868,0.3273612075616268
-0.1220117517759596,0.049925858224264985,0.2505095604387474,-0.12119462251020852
0.8013453229210868,-0.3951710164029552,-0.4986912504343873,-0.3596655859860691
1.1376992809736883,0.11280762816689938,0.1723897799819476,0.08024880383932953
-0.2920500196885629,0.2526379626584164,0.13341572596982554,0.30709663431502787
,,,
-1.6061170633255222,0.01278022562758685,0.10100643995663894,0.04741538925180078
0.18587498212999318,-0.12126480433708353,-0.1734917856880902,-0.04813250178057171
-1.1986233647679878,0.03927563092457198,0.2620072260427502,0.0051503645461947745
0.78632368083741,0.26344851891178545,0.3377114653050086,0.2997558112144896
0.5101683024339538,0.2646525549299582,0.357604068847277,0.2939077362699779
-3.00190703654382,-0.7443116088367239,-0.6834984273728143,-0.699556425903255
0.2539475528074837,0.13229038442240915,0.11929047435560769,0.156168510961338
-0.6958058143257313,-0.2918879863487371,-0.5045259463378151,-0.13683941505688035
1.1020662139183715,0.25034847789849346,0.0902801696141522,0.2894795727767866
-1.0107101515651302,0.04926186839180524,0.07744886155438013,-0.18128616290694466
-0.7038962989125138,-0.31314374404137096,-0.27507297444819045,-0.2283884322780605
0.9637448190058794,0.08147100569367305,0.32767767783907176,-0.009926176904426764
-1.8944722802488956,0.0067995537293197295,0.11574482391561491,0.054865170712612654
-0.8668418469720396,0.17308604900525748,0.06489647698126744,-0.02428753725952637
-0.6462444506800095,0.27665966590809365,0.38563579313956464,0.2958100188091335
1.9246358717298555,0.23991392815084078,-0.060809543711041414,0.3059113111227645
1.558461436421172,0.19057193783167226,-0.1458165448186518,0.28969356393172807
0.5195788553312795,-0.7357884591334198,-0.6529433841248797,-0.7035259523458437
-0.7404470903426914,0.15903766174063705,0.38740181181079003,-0.28565989605697767
-0.8930523954496803,0.07980156947524886,-0.022156367184938852,0.071237961978598
2.139734703310441,-0.05660068696240206,0.036480857531881905,-0.17794870643115168
-0.26531945422384695,-0.008434847802167855,-0.21326774885505123,0.11720953082933128
-0.16662926677638829,-0.12871429027653047,-0.0836581101423004,0.035099827299208686
0.4335510859737553,0.14682763391730014,-0.04961943142300107,0.23553391686754033
1.2221925687153787,-0.06463918147601694,-0.12531285300835704,-0.014836366356952901
-0.8979501424188489,0.14380428344601393,0.34286934042235234,-0.018921225778934403
-0.7056018488356894,0.04912902067411695,-0.3992079074129579,0.2193217178461888
0.29171776414088857,-0.031380983598621404,-0.19469511443317783,-0.006053457124041817
1.1119559298097939,0.036149827912646926,0.022837505883894438,0.027383799054543967
-0.5285750495998962,0.10344602097220956,0.0631801738403448,0.11863673697059313
-0.8485826609274681,-0.1438905088464124,0.07331017353298691,-0.1944563288585922
-0.22380560174318959,0.08692230708910681,-0.12655526849560433,0.08387405143281518
0.8697481215446299,-0.011294859894143805,-0.08857165883455476,0.013631222896315631
-1.2637217243388128,0.009651468593920132,0.052304255984944925,0.03455719061892837
0.11664274341992234,0.18948789905009222,-0.06428240846536154,0.20052767310615344
-0.09451384323401568,0.06474912908085861,0.2849849979834551,-0.07501529394735901
-1.284760651355681,-0.024896121029585494,0.013106212427153985,-0.05180368810534286
2.1453251764017476,-0.15881198337362135,-0.12220722731908362,-0.15611970765513067
0.5631338777776909,0.0785069382420579,0.38124454403503893,0.030139616306742223
0.7120398069007733,0.04160335236126811,0.11578362361889372,0.0893156905757666
0.10969378714634664,-0.4901991843490051,-0.3309036786449172,-0.503583705275683
0.5876307142794495,-0.0007261929831872127,-0.22519448546794363,0.07228895109817901
0.6262767785639093,-0.06489201736335493,0.06104349463150871,-0.03898088641847752
0.7972848109337444,-0.4415602213249245,-0.4225342821563395,-0.4186124047637076
0.0067667074439660135,0.052159604339869436,-0.02932887764738834,0.03550501234421183
-1.491321627026449,0.0845765286423299,-0.048144788676063754,0.13067643243977706
0.2686939724628662,0.07362380068424784,0.14744650725290565,0.0350579714244062
-0.9292287679225033,0.3395287728658876,0.5935940578123728,0.11831856104495986
-0.7023431093880472,-0.0375005439674263,0.05269213800728806,0.06177240834990677
-0.6857041787494887,-0.02546746328779953,0.04481576563298473,-0.037639290084410415
-0.1946528837158918,-0.11210441268077354,0.04735774958438688,-0.13489393944843575
-0.01189175625885952,0.10719708630294222,-0.07001255866576106,0.1443753414400324
-0.19079847257211618,0.003013267679677467,0.05312725021813097,0.06004688010923587
0.8553201546771841,0.2161145401498178,-0.241629276660494,0.34782695201048686
1.4540525728919773,0.15594438200057992,0.12818687207612756,0.24134040504694432
2.2279266737044163,0.14453293731064631,0.5465983080774024,0.09421703098101142
-0.4283079838732969,-0.594390135686518,-0.5619374986781774,-0.5492220308509685
0.640655839299505,0.015806914185857446,0.01768265659879742,0.013326112278617241
0.3648699448625864,0.43484042407156154,0.5742132951593819,0.4210842796850056
-2.3861293066980496,0.18068739031836745,-0.019932892725915807,0.15537160625938096
-1.6814335955221977,0.1471028479153661,0.4736008377067831,0.08144732461372373
2.014075402399585,0.10821254812321313,0.0020448632736467243,0.044617176580549756
0.7516761850896656,0.162399206221428,0.1469729333105968,0.14896782310929457
-0.9834337505891357,-0.027859887860102295,0.10077905915508889,-0.11371048240972836
0.2623839436214458,-0.02698781182926213,-0.2525989411949889,-0.011061119575130451
-0.8449143949316157,0.17941491457168535,0.2607989774843973,0.08636583187539537
-1.4862009383221053,0.12306058694155453,-0.01835891235154008,0.21340961930447833
0.9166953561060454,0.14942247346075532,0.09926189596995544,0.07274654052819252
1.6630070810856794,0.01991751562753552,0.24907891847041186,0.01745346069056597
-0.15377082939557,0.28298720726076676,0.5617664102835431,0.0311584318132353
0.3709584765698241,0.06729728008521807,0.12052775083848138,0.10030425611115823
1.880776434764777,0.012431332413107343,-0.24531159241855244,0.161412087673784
0.36839641145846547,-0.13354086733148118,-0.20554867522195558,-0.0863858492914053
0.8256136179768309,0.11218702593877761,0.14377840683843807,0.09200255566471682
-1.6960064682882205,-0.5692264113393773,-0.498966731049147,-0.5495835864048736
-1.4782010776862224,-0.3165800578977434,-0.1950404528228708,-0.37284767648910183
-1.038300926579882,-0.6029277274898098,-0.47907697380493486,-0.5899358410480123
0.08258814947410657,-0.06967088822382705,-0.19412518045099714,-0.05855161783921947
-1.0729075859990111,0.18916902350537412,0.02232949419446062,0.1920916994003753
-0.27457733888568014,-0.5486798856099677,-0.5078655489807848,-0.5281268168004563
-0.7361331388359049,-0.05266373889534548,0.08414880868654889,0.0014291522091368636
-0.22788043580302764,0.23798559438209366,-0.16450406198187145,0.28280579476357215
-0.8423662412273926,-0.0447513925723817,-0.05253465304957622,0.07855828247800878
0.6308207882115311,0.04454907745454939,-0.036038855322088115,0.09132073319193351
-2.4858040146225795,0.31871620019903224,0.017049012771559735,0.31595510235234037
-0.5982251579334739,-0.05622165547750574,-0.3119355970531569,0.026614089648922312
0.9725477704818829,0.012817737317591338,0.21621094619781867,-0.07498056273596687
0.24687735456729287,-0.036415272220717665,-0.08058988543492296,0.012790523115145724
-0.8055784481110975,0.02582417668162884,-0.30929376232259503,0.07620256518308155
-0.7640756670238422,0.09712884708733793,0.22253442819536068,0.05270378342205995
-0.0782888337113008,-0.05614009534813508,-0.04370567373252204,-0.07480748892245709
0.27140549006801207,0.2262676321392576,0.3503214994802656,0.10416891871649875
0.2022216538627919,0.09438885972423439,-0.050079670727446124,0.3020728954425944
1.0621538475280672,0.220399277280179,0.14921613045841814,0.11446045969304286
0.9306915026042367,-0.061752696762744974,-0.09923750819722754,-0.029725462263352487
0.15785802197887888,-0.10766180088112243,-0.06854515081316775,-0.10844577721207893
0.26742655844717955,-0.14210714324530116,-0.10471229762542564,-0.1591724174597388
-1.0662490781579543,-0.3099803126548812,-0.2587159503525162,-0.3693616211514702
0.7473817973243562,0.06293903868584877,-0.19702012828810875,0.14498018192857415
-0.20005467493139498,0.038405990244058,0.06413128371355475,-0.03324323547437491
-0.06433842258667843,0.11477849849654759,0.16573537347571465,0.13531405897256105
0.7731027274591897,-0.2579431118852024,-0.14419776136340023,-0.27984813042171364
,,,
-1.23565511943543,0.0213691625979186,0.280871185833121,-0.01516425233280927
-0.7304776381366677,-0.19241585918998844,-0.27080496147478994,-0.10226157986824275
1.1689853307302212,-0.04086577112285694,0.09747432562457514,-0.06698539530679193
-0.07238387139664323,0.12616192496054196,0.464191065939765,0.04095093071856781
1.0847963078757767,-0.11856776659296592,-0.00991267545183716,-0.10541217452065837
0.4272280161349949,0.021076455085068557,0.00958927951864158,-0.07668442719367297
0.5390621159831025,0.026080832295013345,0.28474592163035106,0.00045460923566115197
-1.846162216219261,0.015117856754511383,-0.16258377339585722,0.0630288905345745
0.8819299363558061,-0.17750759221616108,-0.348389399729502,-0.00819726484393013
1.423791228404709,0.17205337748548755,-0.18690320219675804,0.30773355239786815
1.465759530566873,-0.28625412288530444,-0.31796284576025186,-0.2309183469006853
-1.4089483072510482,-0.5542397635462798,-0.4721670428384507,-0.5286880780943205
-1.2523465453410676,0.045988358163156384,0.0159494073348167,-0.07624765021433078
0.42593015913663695,0.18349871280608598,0.07197433915126572,0.10544092290571139
-0.03526036245675207,0.34104541920914033,0.3687263170691,0.03434197727605659
2.1533951667860736,-0.005919598812438975,0.2535430600216366,-0.026329532250936816
,,,
-0.5100264977890225,0.09114617871153974,0.15661317364196614,0.06352578638393058
-0.8678123893727554,0.3207229147181947,0.565322317565047,0.11542398467292847
-1.3236664730425478,-0.06021368774687974,0.03957190407664857,-0.051584947536280734
-0.32064779553484485,-0.030453035591660016,0.0029994291811200058,-0.09454705575650729
-0.4227068199187386,0.23500385959582537,0.28373826107804756,0.12810274918310427
2.640649413206044,-0.018785586665329035,-0.03747927569253101,0.13788565372485073
-0.9775292313088176,0.11452890543747529,0.12318885553215247,0.16943663480573712
-0.7864671986210896,-0.04815362937573597,-0.01636480089965836,0.022421585257089816
0.038627133495829954,-0.031127823363049867,-0.2847592208508657,0.06857701014835327
-1.0786866177015684,-0.17167967240148752,-0.2379401808208349,-0.07567012583812682
-2.0071987089871777,-0.5094796316753681,-0.48381583238980674,-0.4848032056737509
1.888513105159529,0.05419350272557688,0.16677757388466335,0.056741751022665654
-0.5342378496822995,-0.018075859986396603,-0.1278852618383678,0.10021458647972659
0.6928038913875848,0.061000232937556964,-0.05307329762460733,0.1582208191441185
0.8620362651712505,-0.0026710262716092004,0.09819424320335396,-0.050164236669651474
-0.48321650878587113,0.151838860093926,0.33817144312104025,0.05125121507833108
0.339171693776526,0.1300478617778894,0.12074020538083163,0.09786583227057866
0.5032438825829744,-0.027705842173687878,-0.1609323178345427,-0.053517116742748616
0.9232856082810385,0.00539367372992805,0.09854574909198732,-0.010947278131590465
-0.8329969584131234,0.1632281756719126,0.40411203645082805,0.11313188944339325
-1.4858210416101598,0.02478521757320551,0.11848732187589056,-0.05041064442331106
0.3952944051671684,-0.07793956871565705,-0.20671453240951138,-0.07134855676233881
-1.6137814871703808,0.17964076203247098,0.2605243286403629,0.07094496387595256
-0.8145383766804677,0.11839487817045141,0.1573785558987018,0.11207624779776004
-1.1541363507797553,-0.2899453021034634,-0.20637879399625003,-0.3560812174355983
1.7140548027543263,0.014841184199049617,-0.10720335280083892,0.08231130146832322
1.7365216135368469,0.03201473640723518,0.08046521371816362,-0.0363766146517126
0.6783991686398202,-0.0008031654211800854,0.07543040775733928,0.05176744258333765
0.31839544357243976,-0.08592087696292511,-0.11592407402860394,0.03221457370341091
-0.7826016598597908,0.1572742623573895,0.27526279499505674,0.07243998595407658
-0.7650747948385155,0.06849083062182132,0.06637651014588358,0.09425518854878184
-0.6916484026038087,0.1268533764499754,0.2613623160298301,0.08844112962900658
-0.9253184971446679,0.07360604374507745,-0.009680687933743215,0.22060697106664362
-0.37114650701223173,-0.016557257479984655,0.033327969846864036,-0.0049923873397177965
1.3759834959348582,-0.18949912704244887,-0.37348359231516554,-0.11985963959163337
-0.8406647366514327,0.0961888547505464,0.0839606312075481,0.19353221954808864
-0.4108748473397639,0.1083624055847105,-0.042152848657123154,0.05712687957478507
-0.011064101783816116,0.05025106622647657,0.1566537603243791,-0.0005516917052773018
0.9942191616682303,0.12264135464384868,-0.060220100770479734,0.19391838734138
-0.30408122150074757,0.06506036009206062,0.15176922871282061,0.01125039583172649
-0.6659363347702643,0.03156024851650607,-0.11308940884563262,7.640052378443674e-05
0.07022870266732378,-0.026443500214276328,0.07342080658630823,-0.12325632080974663
0.46997439459498225,-0.19468586977839308,-0.3279715877123575,-0.10084117975877954
2.1949229119991402,-0.4189181719160557,-0.3199733294963122,-0.43387238910318615
1.1382063939081772,-0.08615794941278321,-0.3688226213290229,0.017001789062816908
-0.3398007845653981,-0.05171664172549989,-0.04546270098691907,-0.10255784624036107
-1.1854294609587313,-0.10621776994879728,-0.21600112479955547,-0.13096510770266057
-1.153236834550743,-0.17031846112988358,-0.12133186833057502,-0.3171737940761443
2.5839773182224333,0.050429696320530404,-0.06209789388909137,0.19241891601254646
-0.8784851930731112,-0.04334159477328314,-0.14090686443782274,-0.024156602847356212
-0.3602530966725217,-0.05686642104499373,0.01680248279191332,-0.1462340049199914
1.8736402118568167,0.22396078559259402,0.07895687180110356,0.19418637315612808
-0.15796179013363343,0.11401427246888007,-0.055817941567047225,0.13055558201761863
0.2381598254177299,-0.12379819176263951,-0.1411690162107519,0.017525848634912022
1.0925326114523692,0.08396974563366133,0.2674515572639681,-0.023624532774844553
0.4247554164215458,0.2551931341195208,0.21678463242533086,0.2380924401727541
1.1264879011899303,0.2987092014881946,0.32229588000024423,0.16728668596620644
0.025842431453497183,-0.2300467093332571,-0.07125320003431168,-0.14825944753844988
-0.23383817204226431,0.05390687962523799,0.23137751240155768,0.010797064770848852
-0.87253352097147,-0.037900943316782953,0.17619870872713128,-0.0961723130594434
-1.3589592151926766,-0.45974574506862953,-0.3259152939898732,-0.47422611112246293
-1.8735486939057524,-0.013243660880316033,-0.13301996014452977,-0.0073701503323494455
-0.37760036853849444,-0.10918745614307157,0.19666516552869873,-0.21995778164696034
-0.0790271667150953,0.24909955376499426,0.05374958076036629,0.27684189242910573
-0.5372702717748208,0.19010709207939602,0.07934889342545703,0.15693829979533547
-0.7189896406439351,-0.07092039118994409,0.15167500003941958,-0.12371260343354884
-0.30100232683090167,0.03776094838459654,-0.3673948807336647,0.28353483655705014
0.820173867660161,-0.022400225437053112,-0.31833115536795026,-0.006318264041024646
0.1975284113171662,-0.0926022121215444,0.008577316921205225,0.02237867622902212
1.723748710774193,0.32141913480705786,0.39839252000902203,0.3210322366929317
-1.3366172983670976,-0.012939750234225555,-0.05241590680908392,0.024629586457433295
1.5380618485621318,0.058288073249661454,0.04861791513622049,0.11394272016732687
-0.033707850243415716,-0.1098995765393902,0.08653933640792477,-0.16837456162782816
-0.18644765371339467,-0.27742940861051674,-0.32777826732530574,-0.2636158839361358
0.37167872806259883,0.2803468735086829,0.06311447263924497,0.28489527488236155
1.099140194432087,0.132571531946175,0.13234062594805263,0.28437756014443116
-0.7168975700108839,0.23345202795170517,0.45396287952192027,0.052212215574736764
-0.9723301751029984,0.27700886125666313,0.005173475418199791,0.26622416661029513
-1.0076982838350481,0.28433443499075683,0.1793168935077436,0.258858653760652
-0.1227058780111453,0.07140598535204468,0.2522137187270451,0.04492738913205718
1.9397561573333397,-0.2877959209320626,-0.22330048405346137,-0.3353024435254344
0.08613734464145095,0.06855186884721998,0.21034485626074695,-0.021539480999758664
2.078133922755193,0.288255455850279,0.1477236546983801,0.27634404687388125
1.8651231158317216,0.27042245147169186,0.13447788815199857,0.3022367404168098
0.4615435963351738,-0.6943529554761914,-0.5980265496423303,-0.6952709334700892
0.3110450637895056,0.27085697282541854,0.4158748904052191,0.26748106244888414
-2.173910580463275,-0.14432742632102702,-0.3070745411568713,0.03637266644113213
0.7947186252860033,0.1423620647106527,-0.14667985789696203,0.26582518775825803
-0.08251868051697334,-0.097609544291268,0.1692006536892896,-0.14566309764429675
-1.3318261669117644,-0.017007191982825076,-0.3103311163258164,0.06897005593224614
0.795197166276014,-0.7088945090082033,-0.5748892665391392,-0.714410862152219
-1.0919989056130204,0.19845037025579138,0.16258672951551212,0.20393173810506782
1.0421293384034538,0.30735518877982815,0.4731778387049259,0.18715524004309436
1.181780595283655,-0.6844290103674476,-0.5264327156008786,-0.7151322577843149
-1.9494061767560527,0.07073197635344375,0.0171922852381734,0.03898586278846228
-1.1357553114758403,0.2919251682906745,0.4057964380148803,0.29054945143586497
0.6889679827770193,-0.010896166034846444,0.03566889120141348,-0.05954703032690756
-0.06415799822857066,0.2266845928651241,0.4282851172493688,0.11713069570919477
1.2298968039244682,0.22713447037547674,-0.062047260492026135,0.28378616574634064
-0.5279890352514025,-0.17221151660338663,-0.15072135829682154,-0.2011500592414649
-0.042961695708214315,-0.1874174935626255,-0.07590585515482445,-0.16436119034995922
-1.139539628215093,-0.6923479271518924,-0.600096339870038,-0.6921656402122389
-1.5855525490313784,0.05543936610012168,-0.1109459638629745,0.2142788219028947
0.5055788132759647,-0.11705171019017219,0.01965070155646992,-0.12107286650911797
0.8992388401293983,0.037170641344999145,-0.17210391534043112,0.13643874747045925
-0.8385726247841667,-0.13578399905596672,-0.21003922361045813,-0.14217875841228295
-0.32706060497940537,0.0688787512803134,0.06765526661878829,-0.0013890960642884975
0.5178426082164802,0.14288616543663224,0.19221467590625285,0.17453959267428398
0.5065618285265172,-0.017174131201064036,-0.19919980633887013,0.12428214084669742
-0.7812639431861165,-0.12112372593004272,0.09808152590872288,-0.1878732173275049
1.6380539236429055,0.00041420042439571647,-0.09114076065962379,-0.0445407987635561
-1.9989850151624402,-0.023739330244427426,-0.2526430768704613,0.04704161856511191
1.7826313392778266,0.19097452041127883,0.23401295792070442,0.12593608609494344
2.2236635031326317,0.1560767230669805,0.08391227104779525,0.3376647993283509
-0.12828056158098583,0.3108896382839663,0.3561735405914901,0.41237535273183396
1.1861616275573739,0.13203823899538492,-0.014204324329207374,0.1455205078762294
-2.40640723028436,-0.32879109341015994,-0.3155419508490588,-0.29497270839908524
-1.597246751536231,0.16865188268084164,0.4184301086402752,0.05032608010881379
-1.9783373365654946,-0.02419389639489211,-0.08686714897348324,0.0187969578972631
-0.30334606427945077,0.028847047334536358,-0.09457787526219952,-0.09447866864626375
-0.9372117383015397,-0.08116395690702594,0.02064762893787253,-0.09646114561500818
1.4028918956701049,-0.10777420519845804,-0.11957494558471149,-0.02065603352219081
1.4567788518522131,-0.1613350857843363,-0.08887645394958016,-0.15049756806289177
-0.9117128421774809,-0.09801777793080857,-0.06674648246510073,-0.11948939448105411
1.5501099006117998,0.2485542881649906,0.0345490895236108,0.174049661589201
0.38288127567258073,-0.31509875159079986,-0.10253800147192366,-0.4157249086662217
-3.1809046795724267,0.018239836043736357,0.11004059744341982,-0.014287335489017727
-0.8870096195047102,0.10845134916944521,0.16008775942179632,0.02807640137200962
2.2239446043490165,-0.08082561879935518,0.018597842187905667,-0.07142544659671674
1.4447420943303981,0.35578993440441953,-0.16381500922238046,0.393387124921067
-1.6998260681558937,-0.629366357081518,-0.49234500923619073,-0.6226888052505676
-0.6546246023858633,0.15802640671620272,-0.003533528514854445,0.3694512792482417
-0.18177816349606835,-0.6201660043246345,-0.5561776135946404,-0.591518151475037
-0.9190322079997438,0.02800072314718738,-0.28564345320023754,0.17094226795928003
-0.3225822959659624,0.37328923282784243,-0.07135672217488653,0.3713839141849179
0.4424288046691994,0.2998865016621206,0.12995306496621628,0.29554066900467135
-0.2617518362188513,0.11527777522486016,0.4824816979494768,-0.060912050037274845
0.03143440960941547,0.050187636787984324,0.4433008720866761,-0.20286064431223594
-0.38966547931595186,0.10562490072238506,-0.08525289013934068,0.2162499278184955
,,,
0.5512686585391136,-0.1219165797335221,-0.251294077266401,-0.06641231937065983
0.06908609537498317,0.10779512848863348,0.2599166882224896,0.12965454490272765
-0.09504772877884407,0.3571805302993951,0.23483185822319008,0.3728877418888318
-1.3905923611688369,-0.6358018995871771,-0.47313929402470767,-0.6384215158807472
0.5097640418360367,0.08467823059695279,0.47051853724745707,-0.0708009000250368
0.30369889029484426,0.3440758336783565,0.4767394165376825,0.13551505975623634
1.313946476782299,0.223091656127418,0.49401562441373803,0.12143320787011846
1.262474247195475,-0.6177575733361808,-0.5123033382618944,-0.6049034137838801
-2.2010133603386772,-0.6372155409709386,-0.5062590015027905,-0.6243546192155716
0.11224068585026686,0.09389578699613199,0.4621131240627886,-0.10235571067787519
0.35075324356801457,0.2154870860589353,0.10673259893661985,0.3163708249790147
-0.6823761539393575,0.14709954508674672,0.11409162786352817,0.16617555620138846
0.3147799227660336,-0.07747620052862458,-0.20342883272156814,0.03168867083778959
2.3378813401318514,-0.0034072349658781365,0.19970826701970323,-0.08598828294565797
-0.19798216008793673,0.191314231300584,0.23768883592462864,0.23722997803146528
-0.05211525247085372,0.09955769721926144,-0.07262244819502978,0.17762031360989516
1.0027034406623738,-0.10064403867518745,-0.12741758594462038,-0.11754612190229419
0.8319024743830126,0.30125839214294603,0.2107575694899455,0.20800956297768536
-1.8307171556704929,-0.20776580028472535,-0.5182609789446185,0.07522189068497875
-1.310912331341344,-0.17144447494285653,-0.1664604593642831,-0.19890318888999325
-1.0217757906902052,0.04246565457590212,-0.13512299015199353,0.2698657659451541
0.2730582150746885,-0.05163574336872745,-0.13998956099996884,0.013009524831983144
0.8799563213687319,-0.25975400591925035,-0.22209686474114065,-0.30630553584537484
-0.8476075447108735,-0.10081481792485525,0.07168489260633426,-0.08817006006596273
0.7207750332708425,-0.2673117952165015,-0.2755090285944001,-0.16605206208863976
0.30965120481776554,-0.26545840085913947,-0.048535131605237036,-0.36975734472059146
-1.655593696751152,-0.09552571279171584,0.43519649649372816,-0.13735192798308193
0.31127750753587324,0.30185032323157657,0.45408668765087656,0.19213581156399728
0.5293509173351454,0.019191079374904052,0.07320071885906476,-0.03302207844640559
-0.43306356303360727,-0.0028583678739625418,-0.09930097838378743,-0.06158880357713614
-0.7260299514395704,-0.23311821833806834,-0.4020933232322567,-0.22835470681393633
-0.27763446718915225,-0.04141535830671028,-0.31978689247888253,-0.031491286848568945
1.477583573478817,0.10751804578507906,0.07450568469402807,0.24931473632628842
0.12974366589361205,0.15013464457846326,0.4516403618455974,-0.010536695652740513
-0.26296752502248627,0.063499840969374,-0.10499053560049892,0.20010055847520858
-1.3794580215138106,0.056239984447714275,0.37471030404103733,-0.1640187020472441
2.376200850726589,0.32153329205448455,0.22530657823119826,0.30157115666757717
1.9111243789013461,-0.3001936914958859,-0.5742436691220548,-0.20740068535881628
0.28839446663580703,0.2319188120037241,0.41604803393057066,-9.956172957525933e-05
-0.4568970759389739,0.10438721617743185,0.19541264036203387,0.02806518433354277
1.1585090524457644,-0.0801620931855177,-0.10084341963596666,-0.10934416532911395
1.0789286680960397,-0.08343711402832221,-0.24837094875029236,-0.06560978632008585
0.1975123289386494,-0.23279852366395304,-0.31777745400547086,-0.1616690086576792
-0.04811221957044565,0.06231023518637557,-0.015257894059729993,0.2587940973712054
-0.05463012938506685,-0.029676746837467682,-0.20248964026884075,-0.06674999268566328
-0.98859742996333,0.3049176441000321,0.081984275026457,0.28944486318252505
-0.3412211199740526,0.01824690640929061,-0.19453632642966,0.21603427103921724
-0.16855039516357126,0.12447220359639888,0.2552651151403216,0.1083550701689806
-1.6690149228319782,0.3069191822621181,0.45836332854317297,0.27973455315490214
-1.4293035533428387,0.07043501835561605,-0.024173192588434977,-0.06267183407065025
-1.9352916653084278,-0.11725824304774873,-0.2800970140852879,-0.12452229450712837
-1.281076257405559,-0.059144290377137754,-0.17177197615088646,0.13290091735364074
0.9611932149102418,-0.025105181774067176,-0.02285394387936268,-0.002152598124268823
0.8350268474403115,0.06469563093379183,0.29410456630702647,-0.044930667532302904
1.6483432904711528,0.03505875081750698,0.2487603640240118,-0.03281168106240151
1.542404999262245,-0.1609146508646137,-0.17178036751458686,-0.16767947206224043
0.2135633477555955,-0.036418190071865086,0.16066313358034134,-0.14247813524155462
-0.014269743530812742,-0.22063511896320526,-0.04146062282681434,-0.24825611624312083
0.3408145209812074,-0.30603414105511556,-0.31643418453154715,-0.34568731108553097
-1.0266064669880692,-0.035474077546237326,-0.11781415627825131,0.1316406239843393
0.5001753682691351,0.19848701529547963,0.02050311999715093,0.2587578353073289
1.2537671900260159,0.09785383902450695,0.1197863945476314,0.11691903379093072
0.058032271348362474,0.008555590426167936,0.15364397206225078,-0.12344816503903366
-0.5291770427195699,-0.1816993140438149,0.041338805450247984,-0.2769446296104812
-0.3250019261729111,0.24739347881438234,0.09817831595754745,0.4194197282436404
-0.816507872893291,-0.04534203530500269,0.030492895355022698,0.07217507315308969
1.2288535718139493,-0.19666151021989542,-0.20196673539484994,-0.1258570570098264
-0.6951043128139793,0.20994272271861536,-0.030566826966945182,0.36090071731839923
1.251327301514484,0.11904043935504105,-0.2978691616553907,0.37996060584051816
-1.5119632454821657,0.29850239746454066,0.15114450971229854,0.3854945940793265
1.0970572630200626,-0.18108019641463874,-0.11588102335754114,-0.29570634289011366
-0.38541882988571696,0.025418131650807863,-0.15354708411718176,0.14299831921012407
0.8784659587249085,0.028145988875681538,0.17938812025587114,-0.10232876617124942
-0.2552084457115462,0.007736391275051213,-0.1535506568350919,-0.038430389565831
0.7758868368185149,0.14529792362427152,0.49026060287693474,-0.011004664644601703
-1.7783193992996893,0.15931030956559855,0.005598091768864832,0.09547936829865245
0.1161089507153737,-0.07329973639836118,-0.027366195320107978,-0.13469836316087236
-0.7177721715169625,-0.07680694211538619,0.13327024960705647,-0.21703832855879784
1.1989795528299443,-0.1457319302458423,0.029492572104111603,-0.10519850788328933
-0.9551573295873542,-0.26215725364514786,-0.15482009697784777,-0.317158348350839
1.4177535003341921,0.23411702815314872,0.45773392191618445,0.1816066442836558
0.2513732918777307,-0.29594697350238824,-0.32934951074319374,-0.29291873330212226
-0.10085023264984927,-0.07653385231820065,-0.07227069969500899,-0.11658185491828077
-0.30889460725553153,0.0601036840489767,0.16703694420710058,0.07079213297591025
0.47497485721347,-0.2828776808149587,-0.03188872355705752,-0.3228375196726672
-1.0784734495231614,-0.11654669461699352,-0.4636085145520877,0.13973906326042063
1.080620078789916,0.042055482789553955,0.28299717039519967,-0.08848791388723459
0.5973221458872481,0.11453675298722121,0.24802884572800332,0.07294160881568956
0.21545562092189902,-0.05234600105661058,-0.07433646228851415,0.01628192995430333
0.15721288017238272,-0.5558799434520129,-0.4438780913963005,-0.5749020522812267
-0.7344773715472781,-0.005253068615375334,-0.20623609870502085,0.03176128487062546
-0.7554031280957942,0.009015999450608825,0.1764425008699212,-0.04280133202293834
-1.288389893531028,0.14049566332149577,0.2852784077920389,0.06795435421809015
0.06744081308532747,0.13151022830951065,-0.005712082250605155,0.2512893877180977
-2.210668649670252,0.04124823536997213,-0.03926955922341929,0.25245675907102627
1.8725595103639903,0.2044959427516274,-0.03014269666178815,0.2281386588656351
0.0868205289554658,-0.16415754226443402,-0.2743971893503913,-0.12407010216166392
-0.15756257033279647,0.031237342843167593,-0.21336813376063385,0.015160593350884155
1.0954390265621425,0.4334898346404489,0.2596397491921764,0.420749738876261
-0.8299428988621808,0.2654251786627526,0.3397572317446336,0.1493299014476256
0.003317350591166862,-0.5011244767862976,-0.4930082544819996,-0.506488556206179
2.267941275341824,0.26874016382592025,0.3489931108574638,0.2658458672549846
-0.19123715316926088,0.1549010664364182,0.3650356656767391,0.021668278110068218
-1.4942818806604903,-0.04093625604420814,-0.14584382237235616,-0.006539132536888981
-0.9522721091094062,0.2155377582701894,-0.15183054538587715,0.24055919722447572
-0.13497763917385305,0.004409132690971984,0.1591001832491986,-0.1420069634767716
0.4053784802415801,0.1481721788104835,0.010424177669323187,0.21371561640235415
1.789146774092913,0.003135457977453293,0.27048534125043877,-0.043567006418425036
-0.7684625671912901,0.08656075086321002,0.2503709885614638,-0.013188681653845569
0.1731268037825816,-0.010362986348714243,0.11717176809281948,-0.009301475105699453
-1.707155249737617,0.06943022371922036,-0.1839586074464828,0.18411669929104457
0.05633835821866651,-0.5687688019356592,-0.48415829534104127,-0.5679873300452785
-1.3109874124628855,0.05002967349383214,0.10684164171949784,-0.022627882289326218
-0.25901884544138293,-0.09691984938736486,-0.004130284354958491,-0.057243178352793245
-0.2463029148652789,-0.011830426493339319,0.13933527167403253,-0.0886920665068277
-1.0769230973907198,0.01815979186932326,0.05770747716975888,-0.044217669442936036
0.11887714088503509,0.04986770222546122,0.009831006914661877,0.05888008526490873
1.4555278847506243,-0.03435808611009783,0.41145627638134497,-0.13131143472869378
-0.02989149568681404,0.2461365840812063,0.4800440217418287,0.09656853877408222
-1.0511697449241881,-0.13323989334365977,-0.21960013225233166,0.04232962091616199
-2.022971773104871,-0.16286347716595345,-0.3480022067407263,-0.10378592639571349
-0.5362882635378963,-0.07703047262698404,-0.15370000431302178,0.1179889823322341
2.4474184463443236,0.07295923236789326,-0.0010377556814760158,0.09987443556062925
-0.08030862381728388,-0.40982070519892644,-0.5142052433428413,-0.3478747174899438
0.6699580214861184,-0.09664990456901212,-0.36954891995514216,0.13017257225395307
0.5526567199981274,-0.15348921264494897,-0.015278867035941057,-0.1537935215534469
1.1052928595065428,0.020876074461749328,-0.06410676705493668,0.243669751566423
0.13378505730057078,-0.12086055056259576,0.08981409379943861,-0.22548846968378328
-1.2407449598586084,0.0857509492093198,0.10221108691325204,-0.04727889497317239
1.5074109441478831,0.4165194611043812,-0.021675063920469473,0.4334328100388266
0.5304923421412012,-0.1604385745102332,-0.4009801359573455,-0.057117564625095874
-1.4287651186283188,0.40038423690875447,0.5170121971380299,0.1044739330934028
0.021719710625991873,0.06160271044455723,-0.07400934700761042,0.1555548929170263
0.6078925374349345,0.41363675346548945,0.3488977664986659,0.11783013494378558
0.8713313200836826,-0.0075593303133034695,-0.053732382672064316,0.008772550685116842
1.0816725116315558,0.11116475677560766,0.11875459026535506,0.060877793865871
-1.3636573657835833,-0.062022087756668065,-0.11180951504420211,0.058933017761547135
1.8744649145707235,,,
1.0122070763338422,-0.4021695581325456,-0.45176271274407936,-0.4102906723622735
1.0345062977441766,-0.11272981932282244,-0.14020578870221623,-0.033269928131238524
-0.2869358308479265,,,
0.7888268857558045,,,
0.9461357439517125,0.2771444702799565,0.3953472730875647,0.26405972445604475
2.293799929430568,0.14960389893129356,0.4189093489505997,0.0116351775330652
,-0.1908217103103852,-0.22355171936111362,-0.21280547620616985
0.6922325206288575,,,
2.2499484149988,0.12961399705292942,0.04656660742796681,0.23716655646638152
-2.353953046491637,0.28176833804697154,-0.2884332330754981,0.26954181770263386
-0.6572727269226176,-0.033594894809354625,-0.02948837102071289,0.16054255618304036
-0.029495319900136707,0.25479034423903435,0.41890074048883374,0.23299153021186592
-0.5124901071939689,,,
-0.07407802402381253,,,
-1.7011215406122648,,,
1.180556465884724,0.19505498519879794,-0.0022249939372793737,0.12017439616355696
-0.13129519924707655,,,
-3.453473290265378,,,
0.5714786146402757,0.07586136068167437,0.13218430222334343,-0.0476877825336417
-0.6800170252989257,0.03000074235165806,0.03885440574718624,-0.03537214526323518
-0.5420447782869943,,,
2.21310794277418,,,
0.021366550063882883,,,
-0.49318213020200985,-0.7312240706080656,-0.5669029318778867,-0.7578884243615558
1.1087288779985458,-0.21750778868866627,-0.24566976615571012,-0.09912671802810091
-0.38958855543787485,,,
-1.2833237206264696,,,
-2.1384066279180556,0.3112430747313133,0.33621936333739366,0.32310953113651464
-1.260682311500884,-0.017033369641820673,0.16125747561159254,-0.02278014296689923
