SubjectID,StimID,TrialID,QuestionNumber,q_accuracy,svg_z_inter_dec,svg_z_all_dec,n_fixations_dec,aoi_prop_dec,mean_salience_dec,low_n_dec,n_shared_enc_dec,PresentOrder,svg_z_inter_dec_z,n_fixations_dec_z,aoi_prop_dec_z,mean_salience_dec_z
Encode-Decode_Experiment-1-1,2356125,Encode-Decode_Experiment-1-1_2356125,1.0,1.0,,,15,0.9333,0.048053,False,2.0,1.0,,0.6999874848419431,-0.6504867541907212,-0.9699631041194717
Encode-Decode_Experiment-1-1,2356125,Encode-Decode_Experiment-1-1_2356125,2.0,1.0,,,15,0.9333,0.048053,False,2.0,2.0,,0.6999874848419431,-0.6504867541907212,-0.9699631041194717
Encode-Decode_Experiment-1-1,2347400,Encode-Decode_Experiment-1-1_2347400,1.0,1.0,,,11,1.0,0.072117,False,2.0,2.0,,-0.4389752023585064,0.41061976358289315,-0.783994406288428
Encode-Decode_Experiment-1-1,2347400,Encode-Decode_Experiment-1-1_2347400,2.0,1.0,,,11,1.0,0.072117,False,2.0,1.0,,-0.4389752023585064,0.41061976358289315,-0.783994406288428
Encode-Decode_Experiment-1-1,2411268,Encode-Decode_Experiment-1-1_2411268,1.0,0.0,,,12,1.0,0.082449,False,1.0,2.0,,-0.15423453055839403,0.41061976358289315,-0.7041478061392282
Encode-Decode_Experiment-1-1,2411268,Encode-Decode_Experiment-1-1_2411268,2.0,1.0,,,12,1.0,0.082449,False,1.0,1.0,,-0.15423453055839403,0.41061976358289315,-0.7041478061392282
Encode-Decode_Experiment-1-1,2385550,Encode-Decode_Experiment-1-1_2385550,1.0,1.0,,1.805294,7,0.8571,0.305564,False,1.0,2.0,,-1.577937889558956,-1.8627253846907135,1.020104438565447
Encode-Decode_Experiment-1-1,2385550,Encode-Decode_Experiment-1-1_2385550,2.0,0.0,,1.805294,7,0.8571,0.305564,False,1.0,1.0,,-1.577937889558956,-1.8627253846907135,1.020104438565447
Encode-Decode_Experiment-1-1,2350974,Encode-Decode_Experiment-1-1_2350974,1.0,1.0,1.808383,1.866232,13,1.0,0.156467,False,1.0,1.0,0.7955784282831903,0.13050614124171833,0.41061976358289315,-0.13213022485356551
Encode-Decode_Experiment-1-1,2350974,Encode-Decode_Experiment-1-1_2350974,2.0,0.0,1.808383,1.866232,13,1.0,0.156467,False,1.0,2.0,0.7955784282831903,0.13050614124171833,0.41061976358289315,-0.13213022485356551
Encode-Decode_Experiment-1-1,2383555,Encode-Decode_Experiment-1-1_2383555,1.0,0.0,0.90401,1.294222,12,1.0,0.199914,False,2.0,1.0,0.32085689493139424,-0.15423453055839403,0.41061976358289315,0.20363199317607858
Encode-Decode_Experiment-1-1,2383555,Encode-Decode_Experiment-1-1_2383555,2.0,0.0,0.90401,1.294222,12,1.0,0.199914,False,2.0,2.0,0.32085689493139424,-0.15423453055839403,0.41061976358289315,0.20363199317607858
Encode-Decode_Experiment-1-1,2387122,Encode-Decode_Experiment-1-1_2387122,1.0,1.0,,-0.440099,12,0.9167,0.220736,False,3.0,2.0,,-0.15423453055839403,-0.9145702353757597,0.3645462313009949
Encode-Decode_Experiment-1-1,2387122,Encode-Decode_Experiment-1-1_2387122,2.0,1.0,,-0.440099,12,0.9167,0.220736,False,3.0,1.0,,-0.15423453055839403,-0.9145702353757597,0.3645462313009949
Encode-Decode_Experiment-1-1,2360001,Encode-Decode_Experiment-1-1_2360001,1.0,1.0,,,7,0.8571,0.15661,False,2.0,2.0,,-1.577937889558956,-1.8627253846907135,-0.1310251083396925
Encode-Decode_Experiment-1-1,2360001,Encode-Decode_Experiment-1-1_2360001,2.0,1.0,,,7,0.8571,0.15661,False,2.0,1.0,,-1.577937889558956,-1.8627253846907135,-0.1310251083396925
Encode-Decode_Experiment-1-1,2374670,Encode-Decode_Experiment-1-1_2374670,1.0,0.0,,,11,1.0,0.196646,False,2.0,1.0,,-0.4389752023585064,0.41061976358289315,0.17837660319470164
Encode-Decode_Experiment-1-1,2374670,Encode-Decode_Experiment-1-1_2374670,2.0,1.0,,,11,1.0,0.196646,False,2.0,2.0,,-0.4389752023585064,0.41061976358289315,0.17837660319470164
Encode-Decode_Experiment-1-1,150472,Encode-Decode_Experiment-1-1_150472,1.0,1.0,,,13,1.0,0.119899,False,2.0,2.0,,0.13050614124171833,0.41061976358289315,-0.4147309289046626
Encode-Decode_Experiment-1-1,150472,Encode-Decode_Experiment-1-1_150472,2.0,1.0,,,13,1.0,0.119899,False,2.0,1.0,,0.13050614124171833,0.41061976358289315,-0.4147309289046626
Encode-Decode_Experiment-1-1,2412687,Encode-Decode_Experiment-1-1_2412687,1.0,1.0,,,10,1.0,0.03754,False,2.0,2.0,,-0.7237158741586188,0.41061976358289315,-1.0512084881079091
Encode-Decode_Experiment-1-1,2412687,Encode-Decode_Experiment-1-1_2412687,2.0,1.0,,,10,1.0,0.03754,False,2.0,1.0,,-0.7237158741586188,0.41061976358289315,-1.0512084881079091
Encode-Decode_Experiment-1-1,2369373,Encode-Decode_Experiment-1-1_2369373,1.0,0.0,,-1.085162,11,1.0,0.133884,False,3.0,2.0,,-0.4389752023585064,0.41061976358289315,-0.3066536250828897
Encode-Decode_Experiment-1-1,2369373,Encode-Decode_Experiment-1-1_2369373,2.0,0.0,,-1.085162,11,1.0,0.133884,False,3.0,1.0,,-0.4389752023585064,0.41061976358289315,-0.3066536250828897
Encode-Decode_Experiment-1-1,2370664,Encode-Decode_Experiment-1-1_2370664,1.0,0.0,,,13,1.0,0.113094,False,2.0,1.0,,0.13050614124171833,0.41061976358289315,-0.467320564407499
Encode-Decode_Experiment-1-1,2370664,Encode-Decode_Experiment-1-1_2370664,2.0,0.0,,,13,1.0,0.113094,False,2.0,2.0,,0.13050614124171833,0.41061976358289315,-0.467320564407499
Encode-Decode_Experiment-1-1,2410309,Encode-Decode_Experiment-1-1_2410309,1.0,1.0,,,21,1.0,0.183814,False,2.0,2.0,,2.4084315156426173,0.41061976358289315,0.079209784271499
Encode-Decode_Experiment-1-1,2410309,Encode-Decode_Experiment-1-1_2410309,2.0,1.0,,,21,1.0,0.183814,False,2.0,1.0,,2.4084315156426173,0.41061976358289315,0.079209784271499
Encode-Decode_Experiment-1-1,2394020,Encode-Decode_Experiment-1-1_2394020,1.0,1.0,-0.350771,0.354202,9,0.8889,0.192867,False,3.0,1.0,-0.3378000534081736,-1.0084565459587311,-1.356830523143472,0.14917216049591883
Encode-Decode_Experiment-1-1,2394020,Encode-Decode_Experiment-1-1_2394020,2.0,1.0,-0.350771,0.354202,9,0.8889,0.192867,False,3.0,2.0,-0.3378000534081736,-1.0084565459587311,-1.356830523143472,0.14917216049591883
Encode-Decode_Experiment-1-1,2348899,Encode-Decode_Experiment-1-1_2348899,1.0,1.0,3.938627,2.369161,17,1.0,0.111402,False,3.0,2.0,1.91378153484814,1.2694688284421678,0.41061976358289315,-0.4803964884737442
Encode-Decode_Experiment-1-1,2348899,Encode-Decode_Experiment-1-1_2348899,2.0,1.0,3.938627,2.369161,17,1.0,0.111402,False,3.0,1.0,1.91378153484814,1.2694688284421678,0.41061976358289315,-0.4803964884737442
Encode-Decode_Experiment-1-1,2362704,Encode-Decode_Experiment-1-1_2362704,1.0,1.0,-0.634966,-0.589359,17,1.0,0.121488,False,3.0,1.0,-0.48697908260399625,1.2694688284421678,0.41061976358289315,-0.40245099785190636
Encode-Decode_Experiment-1-1,2362704,Encode-Decode_Experiment-1-1_2362704,2.0,1.0,-0.634966,-0.589359,17,1.0,0.121488,False,3.0,2.0,-0.48697908260399625,1.2694688284421678,0.41061976358289315,-0.40245099785190636
Encode-Decode_Experiment-1-1,2409918,Encode-Decode_Experiment-1-1_2409918,1.0,1.0,-0.306485,-0.609254,13,1.0,0.090043,False,2.0,2.0,-0.3145535413760612,0.13050614124171833,0.41061976358289315,-0.6454607095913165
Encode-Decode_Experiment-1-1,2409918,Encode-Decode_Experiment-1-1_2409918,2.0,1.0,-0.306485,-0.609254,13,1.0,0.090043,False,2.0,1.0,-0.3145535413760612,0.13050614124171833,0.41061976358289315,-0.6454607095913165
Encode-Decode_Experiment-1-1,2408717,Encode-Decode_Experiment-1-1_2408717,1.0,0.0,-1.088019,-1.02598,13,1.0,0.094577,False,1.0,1.0,-0.7247946905994044,0.13050614124171833,0.41061976358289315,-0.6104215608227846
Encode-Decode_Experiment-1-1,2408717,Encode-Decode_Experiment-1-1_2408717,2.0,1.0,-1.088019,-1.02598,13,1.0,0.094577,False,1.0,2.0,-0.7247946905994044,0.13050614124171833,0.41061976358289315,-0.6104215608227846
Encode-Decode_Experiment-1-1,2385851,Encode-Decode_Experiment-1-1_2385851,1.0,1.0,,-0.859908,10,1.0,0.154989,False,3.0,2.0,,-0.7237158741586188,0.41061976358289315,-0.14355233819275615
Encode-Decode_Experiment-1-1,2385851,Encode-Decode_Experiment-1-1_2385851,2.0,0.0,,-0.859908,10,1.0,0.154989,False,3.0,1.0,,-0.7237158741586188,0.41061976358289315,-0.14355233819275615
Encode-Decode_Experiment-1-1,2379478,Encode-Decode_Experiment-1-1_2379478,1.0,0.0,0.017059,-1.042553,9,1.0,0.730578,False,3.0,1.0,-0.14471951958773543,-1.0084565459587311,0.41061976358289315,4.304649823371097
Encode-Decode_Experiment-1-1,2379478,Encode-Decode_Experiment-1-1_2379478,2.0,1.0,0.017059,-1.042553,9,1.0,0.730578,False,3.0,2.0,-0.14471951958773543,-1.0084565459587311,0.41061976358289315,4.304649823371097
Encode-Decode_Experiment-1-1,2345035,Encode-Decode_Experiment-1-1_2345035,1.0,1.0,,,9,1.0,0.210994,False,3.0,2.0,,-1.0084565459587311,0.41061976358289315,0.28925920278245987
Encode-Decode_Experiment-1-1,2345035,Encode-Decode_Experiment-1-1_2345035,2.0,1.0,,,9,1.0,0.210994,False,3.0,1.0,,-1.0084565459587311,0.41061976358289315,0.28925920278245987
Encode-Decode_Experiment-2-1,2408717,Encode-Decode_Experiment-2-1_2408717,1.0,1.0,,1.596354,14,1.0,0.049776,False,2.0,1.0,,0.4152468130418307,0.41061976358289315,-0.9566476093404287
Encode-Decode_Experiment-2-1,2408717,Encode-Decode_Experiment-2-1_2408717,2.0,1.0,,1.596354,14,1.0,0.049776,False,2.0,2.0,,0.4152468130418307,0.41061976358289315,-0.9566476093404287
Encode-Decode_Experiment-2-1,2371471,Encode-Decode_Experiment-2-1_2371471,1.0,0.0,,,15,1.0,0.447701,False,2.0,2.0,,0.6999874848419431,0.41061976358289315,2.118551612917635
Encode-Decode_Experiment-2-1,2371471,Encode-Decode_Experiment-2-1_2371471,2.0,1.0,,,15,1.0,0.447701,False,2.0,1.0,,0.6999874848419431,0.41061976358289315,2.118551612917635
Encode-Decode_Experiment-2-1,2383555,Encode-Decode_Experiment-2-1_2383555,1.0,1.0,-0.648624,-0.671506,16,1.0,0.141545,False,3.0,1.0,-0.49414841063846743,0.9847281566420555,0.41061976358289315,-0.24744874667183475
Encode-Decode_Experiment-2-1,2383555,Encode-Decode_Experiment-2-1_2383555,2.0,0.0,-0.648624,-0.671506,16,1.0,0.141545,False,3.0,2.0,-0.49414841063846743,0.9847281566420555,0.41061976358289315,-0.24744874667183475
Encode-Decode_Experiment-2-1,2360001,Encode-Decode_Experiment-2-1_2360001,1.0,1.0,0.982195,0.969311,9,1.0,0.314649,False,4.0,2.0,0.3618975972578791,-1.0084565459587311,0.41061976358289315,1.090314113590174
Encode-Decode_Experiment-2-1,2360001,Encode-Decode_Experiment-2-1_2360001,2.0,1.0,0.982195,0.969311,9,1.0,0.314649,False,4.0,1.0,0.3618975972578791,-1.0084565459587311,0.41061976358289315,1.090314113590174
Encode-Decode_Experiment-2-1,2347025,Encode-Decode_Experiment-2-1_2347025,1.0,1.0,,0.498348,14,0.9286,0.144512,False,1.0,2.0,,0.4152468130418307,-0.7252573783816662,-0.22451951103084797
Encode-Decode_Experiment-2-1,2347025,Encode-Decode_Experiment-2-1_2347025,2.0,1.0,,0.498348,14,0.9286,0.144512,False,1.0,1.0,,0.4152468130418307,-0.7252573783816662,-0.22451951103084797
Encode-Decode_Experiment-2-1,2348899,Encode-Decode_Experiment-2-1_2348899,1.0,1.0,,,18,1.0,0.065708,False,1.0,1.0,,1.5542095002422802,0.41061976358289315,-0.8335237191374621
Encode-Decode_Experiment-2-1,2348899,Encode-Decode_Experiment-2-1_2348899,2.0,0.0,,,18,1.0,0.065708,False,1.0,2.0,,1.5542095002422802,0.41061976358289315,-0.8335237191374621
Encode-Decode_Experiment-2-1,2410309,Encode-Decode_Experiment-2-1_2410309,1.0,1.0,-0.734635,-0.734162,12,1.0,0.120361,False,4.0,2.0,-0.5392971200814974,-0.15423453055839403,0.41061976358289315,-0.411160552475227
Encode-Decode_Experiment-2-1,2410309,Encode-Decode_Experiment-2-1_2410309,2.0,0.0,-0.734635,-0.734162,12,1.0,0.120361,False,4.0,1.0,-0.5392971200814974,-0.15423453055839403,0.41061976358289315,-0.411160552475227
Encode-Decode_Experiment-2-1,2412687,Encode-Decode_Experiment-2-1_2412687,1.0,1.0,-0.744874,-0.804365,16,1.0,0.233544,False,2.0,2.0,-0.5446717539770128,0.9847281566420555,0.41061976358289315,0.4635275761239674
Encode-Decode_Experiment-2-1,2412687,Encode-Decode_Experiment-2-1_2412687,2.0,0.0,-0.744874,-0.804365,16,1.0,0.233544,False,2.0,1.0,-0.5446717539770128,0.9847281566420555,0.41061976358289315,0.4635275761239674
Encode-Decode_Experiment-2-1,2370664,Encode-Decode_Experiment-2-1_2370664,1.0,1.0,,,11,0.8182,0.173172,False,2.0,1.0,,-0.4389752023585064,-2.481571614696614,-0.003032523005677227
Encode-Decode_Experiment-2-1,2370664,Encode-Decode_Experiment-2-1_2370664,2.0,1.0,,,11,0.8182,0.173172,False,2.0,2.0,,-0.4389752023585064,-2.481571614696614,-0.003032523005677227
Encode-Decode_Experiment-2-1,2385550,Encode-Decode_Experiment-2-1_2385550,1.0,1.0,,,7,1.0,0.37201,False,2.0,2.0,,-1.577937889558956,0.41061976358289315,1.5336049412284092
Encode-Decode_Experiment-2-1,2385550,Encode-Decode_Experiment-2-1_2385550,2.0,0.0,,,7,1.0,0.37201,False,2.0,1.0,,-1.577937889558956,0.41061976358289315,1.5336049412284092
Encode-Decode_Experiment-2-1,2367132,Encode-Decode_Experiment-2-1_2367132,1.0,1.0,,,9,1.0,0.061694,False,1.0,2.0,,-1.0084565459587311,0.41061976358289315,-0.8645442624010014
Encode-Decode_Experiment-2-1,2367132,Encode-Decode_Experiment-2-1_2367132,2.0,1.0,,,9,1.0,0.061694,False,1.0,1.0,,-1.0084565459587311,0.41061976358289315,-0.8645442624010014
Encode-Decode_Experiment-2-1,2356125,Encode-Decode_Experiment-2-1_2356125,1.0,1.0,-0.435353,-0.005846,14,1.0,0.327246,False,4.0,1.0,-0.38219865523945523,0.4152468130418307,0.41061976358289315,1.1876648319486203
Encode-Decode_Experiment-2-1,2356125,Encode-Decode_Experiment-2-1_2356125,2.0,1.0,-0.435353,-0.005846,14,1.0,0.327246,False,4.0,2.0,-0.38219865523945523,0.4152468130418307,0.41061976358289315,1.1876648319486203
Encode-Decode_Experiment-2-1,2345035,Encode-Decode_Experiment-2-1_2345035,1.0,0.0,,,6,1.0,0.232226,False,1.0,1.0,,-1.8626785613590684,0.41061976358289315,0.4533419567863129
Encode-Decode_Experiment-2-1,2345035,Encode-Decode_Experiment-2-1_2345035,2.0,1.0,,,6,1.0,0.232226,False,1.0,2.0,,-1.8626785613590684,0.41061976358289315,0.4533419567863129
Encode-Decode_Experiment-2-1,2349475,Encode-Decode_Experiment-2-1_2349475,1.0,0.0,,,6,1.0,0.07673,False,2.0,2.0,,-1.8626785613590684,0.41061976358289315,-0.7483447386066375
Encode-Decode_Experiment-2-1,2349475,Encode-Decode_Experiment-2-1_2349475,2.0,1.0,,,6,1.0,0.07673,False,2.0,1.0,,-1.8626785613590684,0.41061976358289315,-0.7483447386066375
Encode-Decode_Experiment-2-1,2379478,Encode-Decode_Experiment-2-1_2379478,1.0,1.0,1.934952,0.732867,11,0.8182,0.596405,False,3.0,1.0,0.8620167560028408,-0.4389752023585064,-2.481571614696614,3.2677491379453736
Encode-Decode_Experiment-2-1,2379478,Encode-Decode_Experiment-2-1_2379478,2.0,1.0,1.934952,0.732867,11,0.8182,0.596405,False,3.0,2.0,0.8620167560028408,-0.4389752023585064,-2.481571614696614,3.2677491379453736
Encode-Decode_Experiment-2-1,2362704,Encode-Decode_Experiment-2-1_2362704,1.0,1.0,,-0.398628,9,1.0,0.277814,False,2.0,2.0,,-1.0084565459587311,0.41061976358289315,0.8056500101740132
Encode-Decode_Experiment-2-1,2362704,Encode-Decode_Experiment-2-1_2362704,2.0,1.0,,-0.398628,9,1.0,0.277814,False,2.0,1.0,,-1.0084565459587311,0.41061976358289315,0.8056500101740132
Encode-Decode_Experiment-2-1,2397102,Encode-Decode_Experiment-2-1_2397102,1.0,1.0,,,15,1.0,0.095861,False,1.0,1.0,,0.6999874848419431,0.41061976358289315,-0.6004986964604567
Encode-Decode_Experiment-2-1,2397102,Encode-Decode_Experiment-2-1_2397102,2.0,0.0,,,15,1.0,0.095861,False,1.0,2.0,,0.6999874848419431,0.41061976358289315,-0.6004986964604567
Encode-Decode_Experiment-2-1,2411268,Encode-Decode_Experiment-2-1_2411268,1.0,0.0,,,8,1.0,0.095722,False,3.0,1.0,,-1.2931972177588436,0.41061976358289315,-0.6015729006242913
Encode-Decode_Experiment-2-1,2411268,Encode-Decode_Experiment-2-1_2411268,2.0,1.0,,,8,1.0,0.095722,False,3.0,2.0,,-1.2931972177588436,0.41061976358289315,-0.6015729006242913
Encode-Decode_Experiment-2-1,2385851,Encode-Decode_Experiment-2-1_2385851,1.0,1.0,-0.82903,-0.855739,15,1.0,0.266301,False,4.0,2.0,-0.5888467408029727,0.6999874848419431,0.41061976358289315,0.7166765386759745
Encode-Decode_Experiment-2-1,2385851,Encode-Decode_Experiment-2-1_2385851,2.0,0.0,-0.82903,-0.855739,15,1.0,0.266301,False,4.0,1.0,-0.5888467408029727,0.6999874848419431,0.41061976358289315,0.7166765386759745
Encode-Decode_Experiment-2-1,2374670,Encode-Decode_Experiment-2-1_2374670,1.0,1.0,-0.429079,-0.48939,6,1.0,0.177617,False,3.0,1.0,-0.3789053206305613,-1.8626785613590684,0.41061976358289315,0.031318825974500204
Encode-Decode_Experiment-2-1,2374670,Encode-Decode_Experiment-2-1_2374670,2.0,1.0,-0.429079,-0.48939,6,1.0,0.177617,False,3.0,2.0,-0.3789053206305613,-1.8626785613590684,0.41061976358289315,0.031318825974500204
Encode-Decode_Experiment-2-1,2347400,Encode-Decode_Experiment-2-1_2347400,1.0,1.0,,,13,1.0,0.068132,False,2.0,1.0,,0.13050614124171833,0.41061976358289315,-0.8147908350141888
Encode-Decode_Experiment-2-1,2347400,Encode-Decode_Experiment-2-1_2347400,2.0,1.0,,,13,1.0,0.068132,False,2.0,2.0,,0.13050614124171833,0.41061976358289315,-0.8147908350141888
Encode-Decode_Experiment-2-1,2409918,Encode-Decode_Experiment-2-1_2409918,1.0,0.0,-0.287814,-0.392176,11,1.0,0.206659,False,3.0,1.0,-0.3047528001451626,-0.4389752023585064,0.41061976358289315,0.2557579434283388
Encode-Decode_Experiment-2-1,2409918,Encode-Decode_Experiment-2-1_2409918,2.0,1.0,-0.287814,-0.392176,11,1.0,0.206659,False,3.0,2.0,-0.3047528001451626,-0.4389752023585064,0.41061976358289315,0.2557579434283388
Encode-Decode_Experiment-2-1,2356991,Encode-Decode_Experiment-2-1_2356991,1.0,1.0,,,12,1.0,0.09928,False,1.0,1.0,,-0.15423453055839403,0.41061976358289315,-0.5740763652651302
Encode-Decode_Experiment-2-1,2356991,Encode-Decode_Experiment-2-1_2356991,2.0,1.0,,,12,1.0,0.09928,False,1.0,2.0,,-0.15423453055839403,0.41061976358289315,-0.5740763652651302
Encode-Decode_Experiment-2-1,150472,Encode-Decode_Experiment-2-1_150472,1.0,0.0,-0.2492,-0.34441,12,1.0,0.03711,False,2.0,2.0,-0.2844836221745175,-0.15423453055839403,0.41061976358289315,-1.0545315657370375
Encode-Decode_Experiment-2-1,150472,Encode-Decode_Experiment-2-1_150472,2.0,1.0,-0.2492,-0.34441,12,1.0,0.03711,False,2.0,1.0,-0.2844836221745175,-0.15423453055839403,0.41061976358289315,-1.0545315657370375
Encode-Decode_Experiment-9-1,2360001,Encode-Decode_Experiment-9-1_2360001,1.0,1.0,8.523917,6.142525,20,1.0,0.152721,False,5.0,2.0,4.320682116425274,2.123690843842505,0.41061976358289315,-0.16107964066453165
Encode-Decode_Experiment-9-1,2360001,Encode-Decode_Experiment-9-1_2360001,2.0,1.0,8.523917,6.142525,20,1.0,0.152721,False,5.0,1.0,4.320682116425274,2.123690843842505,0.41061976358289315,-0.16107964066453165
Encode-Decode_Experiment-9-1,2348899,Encode-Decode_Experiment-9-1_2348899,1.0,1.0,,,9,1.0,0.201179,False,2.0,1.0,,-1.0084565459587311,0.41061976358289315,0.21340802387572402
Encode-Decode_Experiment-9-1,2348899,Encode-Decode_Experiment-9-1_2348899,2.0,1.0,,,9,1.0,0.201179,False,2.0,2.0,,-1.0084565459587311,0.41061976358289315,0.21340802387572402
Encode-Decode_Experiment-9-1,2379478,Encode-Decode_Experiment-9-1_2379478,1.0,0.0,,1.105631,8,0.625,0.297391,False,1.0,2.0,,-1.2931972177588436,-5.555121528247774,0.9569427793494762
Encode-Decode_Experiment-9-1,2379478,Encode-Decode_Experiment-9-1_2379478,2.0,1.0,,1.105631,8,0.625,0.297391,False,1.0,1.0,,-1.2931972177588436,-5.555121528247774,0.9569427793494762
Encode-Decode_Experiment-9-1,150472,Encode-Decode_Experiment-9-1_150472,1.0,1.0,-0.721759,-1.08247,16,0.9375,0.151316,False,2.0,1.0,-0.5325382778079689,0.9847281566420555,-0.583670451722218,-0.17193760361552127
Encode-Decode_Experiment-9-1,150472,Encode-Decode_Experiment-9-1_150472,2.0,1.0,-0.721759,-1.08247,16,0.9375,0.151316,False,2.0,2.0,-0.5325382778079689,0.9847281566420555,-0.583670451722218,-0.17193760361552127
Encode-Decode_Experiment-9-1,2386442,Encode-Decode_Experiment-9-1_2386442,1.0,1.0,,,15,1.0,0.096814,False,2.0,1.0,,0.6999874848419431,0.41061976358289315,-0.5931338290638067
Encode-Decode_Experiment-9-1,2386442,Encode-Decode_Experiment-9-1_2386442,2.0,0.0,,,15,1.0,0.096814,False,2.0,2.0,,0.6999874848419431,0.41061976358289315,-0.5931338290638067
Encode-Decode_Experiment-9-1,2350974,Encode-Decode_Experiment-9-1_2350974,1.0,1.0,-0.43944,-0.509676,14,1.0,0.094919,False,2.0,1.0,-0.3843439945041267,0.4152468130418307,0.41061976358289315,-0.607778554894501
Encode-Decode_Experiment-9-1,2350974,Encode-Decode_Experiment-9-1_2350974,2.0,1.0,-0.43944,-0.509676,14,1.0,0.094919,False,2.0,2.0,-0.3843439945041267,0.4152468130418307,0.41061976358289315,-0.607778554894501
Encode-Decode_Experiment-9-1,2397102,Encode-Decode_Experiment-9-1_2397102,1.0,1.0,,,20,1.0,0.075892,False,1.0,2.0,,2.123690843842505,0.41061976358289315,-0.7548208759396834
Encode-Decode_Experiment-9-1,2397102,Encode-Decode_Experiment-9-1_2397102,2.0,0.0,,,20,1.0,0.075892,False,1.0,1.0,,2.123690843842505,0.41061976358289315,-0.7548208759396834
Encode-Decode_Experiment-9-1,2349475,Encode-Decode_Experiment-9-1_2349475,1.0,1.0,,,12,1.0,0.052731,False,2.0,2.0,,-0.15423453055839403,0.41061976358289315,-0.933811110749557
Encode-Decode_Experiment-9-1,2349475,Encode-Decode_Experiment-9-1_2349475,2.0,1.0,,,12,1.0,0.052731,False,2.0,1.0,,-0.15423453055839403,0.41061976358289315,-0.933811110749557
Encode-Decode_Experiment-9-1,2345035,Encode-Decode_Experiment-9-1_2345035,1.0,1.0,0.134996,0.20288,14,1.0,0.186172,False,3.0,2.0,-0.08281228277404157,0.4152468130418307,0.41061976358289315,0.09743261461913866
Encode-Decode_Experiment-9-1,2345035,Encode-Decode_Experiment-9-1_2345035,2.0,1.0,0.134996,0.20288,14,1.0,0.186172,False,3.0,1.0,-0.08281228277404157,0.4152468130418307,0.41061976358289315,0.09743261461913866
Encode-Decode_Experiment-9-1,2383555,Encode-Decode_Experiment-9-1_2383555,1.0,1.0,-0.030582,0.716127,12,1.0,0.212096,False,3.0,1.0,-0.16972713101622006,-0.15423453055839403,0.41061976358289315,0.29777555521804056
Encode-Decode_Experiment-9-1,2383555,Encode-Decode_Experiment-9-1_2383555,2.0,1.0,-0.030582,0.716127,12,1.0,0.212096,False,3.0,2.0,-0.16972713101622006,-0.15423453055839403,0.41061976358289315,0.29777555521804056
Encode-Decode_Experiment-9-1,2410309,Encode-Decode_Experiment-9-1_2410309,1.0,1.0,0.838925,0.203117,18,1.0,0.133499,False,2.0,2.0,0.2866926164774801,1.5542095002422802,0.41061976358289315,-0.3096289387740861
Encode-Decode_Experiment-9-1,2410309,Encode-Decode_Experiment-9-1_2410309,2.0,1.0,0.838925,0.203117,18,1.0,0.133499,False,2.0,1.0,0.2866926164774801,1.5542095002422802,0.41061976358289315,-0.3096289387740861
Encode-Decode_Experiment-9-1,2374670,Encode-Decode_Experiment-9-1_2374670,1.0,1.0,,,16,1.0,0.249228,False,2.0,1.0,,0.9847281566420555,0.41061976358289315,0.5847349006245529
Encode-Decode_Experiment-9-1,2374670,Encode-Decode_Experiment-9-1_2374670,2.0,1.0,,,16,1.0,0.249228,False,2.0,2.0,,0.9847281566420555,0.41061976358289315,0.5847349006245529
Encode-Decode_Experiment-9-1,2369373,Encode-Decode_Experiment-9-1_2369373,1.0,1.0,,-0.344658,13,1.0,0.201701,False,2.0,1.0,,0.13050614124171833,0.41061976358289315,0.21744208555573583
Encode-Decode_Experiment-9-1,2369373,Encode-Decode_Experiment-9-1_2369373,2.0,1.0,,-0.344658,13,1.0,0.201701,False,2.0,2.0,,0.13050614124171833,0.41061976358289315,0.21744208555573583
Encode-Decode_Experiment-9-1,2394020,Encode-Decode_Experiment-9-1_2394020,1.0,1.0,-2.01876,0.907494,18,1.0,0.315087,False,2.0,1.0,-1.213357257895624,1.5542095002422802,0.41061976358289315,1.0936990159193793
Encode-Decode_Experiment-9-1,2394020,Encode-Decode_Experiment-9-1_2394020,2.0,1.0,-2.01876,0.907494,18,1.0,0.315087,False,2.0,2.0,-1.213357257895624,1.5542095002422802,0.41061976358289315,1.0936990159193793
Encode-Decode_Experiment-9-1,2385550,Encode-Decode_Experiment-9-1_2385550,1.0,1.0,-0.940507,-0.980305,12,1.0,0.567382,False,1.0,1.0,-0.6473630082871392,-0.15423453055839403,0.41061976358289315,3.0434568541542184
Encode-Decode_Experiment-9-1,2385550,Encode-Decode_Experiment-9-1_2385550,2.0,1.0,-0.940507,-0.980305,12,1.0,0.567382,False,1.0,2.0,-0.6473630082871392,-0.15423453055839403,0.41061976358289315,3.0434568541542184
Encode-Decode_Experiment-9-1,2347025,Encode-Decode_Experiment-9-1_2347025,1.0,0.0,,,12,1.0,0.074993,False,2.0,1.0,,-0.15423453055839403,0.41061976358289315,-0.7617684266108148
Encode-Decode_Experiment-9-1,2347025,Encode-Decode_Experiment-9-1_2347025,2.0,1.0,,,12,1.0,0.074993,False,2.0,2.0,,-0.15423453055839403,0.41061976358289315,-0.7617684266108148
Encode-Decode_Experiment-9-1,2409918,Encode-Decode_Experiment-9-1_2409918,1.0,0.0,0.015248,-0.021238,15,1.0,0.083155,False,1.0,2.0,-0.1456701458192794,0.6999874848419431,0.41061976358289315,-0.6986917763574497
Encode-Decode_Experiment-9-1,2409918,Encode-Decode_Experiment-9-1_2409918,2.0,1.0,0.015248,-0.021238,15,1.0,0.083155,False,1.0,1.0,-0.1456701458192794,0.6999874848419431,0.41061976358289315,-0.6986917763574497
Encode-Decode_Experiment-9-1,2385851,Encode-Decode_Experiment-9-1_2385851,1.0,1.0,,0.53099,17,0.8824,0.11911,False,2.0,2.0,,1.2694688284421678,-1.4602367055352046,-0.4208283899497381
Encode-Decode_Experiment-9-1,2385851,Encode-Decode_Experiment-9-1_2385851,2.0,0.0,,0.53099,17,0.8824,0.11911,False,2.0,1.0,,1.2694688284421678,-1.4602367055352046,-0.4208283899497381
Encode-Decode_Experiment-9-1,2412687,Encode-Decode_Experiment-9-1_2412687,1.0,1.0,,1.195935,15,1.0,0.022659,False,2.0,2.0,,0.6999874848419431,0.41061976358289315,-1.1662101583382847
Encode-Decode_Experiment-9-1,2412687,Encode-Decode_Experiment-9-1_2412687,2.0,1.0,,1.195935,15,1.0,0.022659,False,2.0,1.0,,0.6999874848419431,0.41061976358289315,-1.1662101583382847
Encode-Decode_Experiment-9-1,2411268,Encode-Decode_Experiment-9-1_2411268,1.0,1.0,0.016638,-1.08704,10,1.0,0.1188,False,3.0,1.0,-0.14494051000379288,-0.7237158741586188,0.41061976358289315,-0.4232240970777144
Encode-Decode_Experiment-9-1,2411268,Encode-Decode_Experiment-9-1_2411268,2.0,0.0,0.016638,-1.08704,10,1.0,0.1188,False,3.0,2.0,-0.14494051000379288,-0.7237158741586188,0.41061976358289315,-0.4232240970777144
Encode-Decode_Experiment-9-1,2362704,Encode-Decode_Experiment-9-1_2362704,1.0,1.0,,,8,0.875,0.151829,False,3.0,2.0,,-1.2931972177588436,-1.5779606670273292,-0.16797309472309596
Encode-Decode_Experiment-9-1,2362704,Encode-Decode_Experiment-9-1_2362704,2.0,1.0,,,8,0.875,0.151829,False,3.0,1.0,,-1.2931972177588436,-1.5779606670273292,-0.16797309472309596
Encode-Decode_Experiment-9-1,2408717,Encode-Decode_Experiment-9-1_2408717,1.0,1.0,,,8,1.0,0.100927,False,2.0,1.0,,-1.2931972177588436,0.41061976358289315,-0.5613482051368169
Encode-Decode_Experiment-9-1,2408717,Encode-Decode_Experiment-9-1_2408717,2.0,0.0,,,8,1.0,0.100927,False,2.0,2.0,,-1.2931972177588436,0.41061976358289315,-0.5613482051368169
Encode-Decode_Experiment-9-1,2347400,Encode-Decode_Experiment-9-1_2347400,1.0,1.0,-0.612701,-0.942034,12,1.0,0.110346,False,4.0,1.0,-0.47529178660989013,-0.15423453055839403,0.41061976358289315,-0.4885573488838831
Encode-Decode_Experiment-9-1,2347400,Encode-Decode_Experiment-9-1_2347400,2.0,1.0,-0.612701,-0.942034,12,1.0,0.110346,False,4.0,2.0,-0.47529178660989013,-0.15423453055839403,0.41061976358289315,-0.4885573488838831
Encode-Decode_Experiment-9-1,2387122,Encode-Decode_Experiment-9-1_2387122,1.0,1.0,,0.031662,16,0.875,0.161063,False,3.0,2.0,,0.9847281566420555,-1.5779606670273292,-0.0966119346594382
Encode-Decode_Experiment-9-1,2387122,Encode-Decode_Experiment-9-1_2387122,2.0,1.0,,0.031662,16,0.875,0.161063,False,3.0,1.0,,0.9847281566420555,-1.5779606670273292,-0.0966119346594382
Encode-Decode_Experiment-9-1,2367132,Encode-Decode_Experiment-9-1_2367132,1.0,1.0,1.1704,1.202613,15,1.0,0.114203,False,3.0,2.0,0.46068976175690207,0.6999874848419431,0.41061976358289315,-0.45875011535935123
Encode-Decode_Experiment-9-1,2367132,Encode-Decode_Experiment-9-1_2367132,2.0,1.0,1.1704,1.202613,15,1.0,0.114203,False,3.0,1.0,0.46068976175690207,0.6999874848419431,0.41061976358289315,-0.45875011535935123
Encode-Decode_Experiment-9-1,2356991,Encode-Decode_Experiment-9-1_2356991,1.0,1.0,,,14,0.9286,0.035924,False,2.0,2.0,,0.4152468130418307,-0.7252573783816662,-1.063697077523425
Encode-Decode_Experiment-9-1,2356991,Encode-Decode_Experiment-9-1_2356991,2.0,1.0,,,14,0.9286,0.035924,False,2.0,1.0,,0.4152468130418307,-0.7252573783816662,-1.063697077523425
