SubjectID,StimID,svg_z_all_enc,svg_z_inter_enc,n_fixations_enc,aoi_prop_enc,mean_salience_enc,low_n_enc,svg_z_all_dec,svg_z_inter_dec,n_fixations_dec,aoi_prop_dec,mean_salience_dec,low_n_dec,n_shared_enc_dec,lcs_enc_dec,tau_enc_dec,n_relational_correct,n_objects_correct,n_relational_incorrect,n_objects_incorrect,n_relational_total,any_relational_correct,empty_response,writing_length,svg_z_all_enc_z,lcs_enc_dec_z,n_fixations_enc_z,aoi_prop_enc_z,mean_salience_enc_z
Encode-Decode_Experiment-1-1,2371471,2.189755,1.881612,34,1.0,0.32853,False,1.137792,0.246634,16,1.0,0.102446,False,3.0,0.5,0.333333,0.0,0.0,0.0,0.0,0.0,0.0,1.0,84.0,0.4905461806282142,-0.37473056330316556,-0.2137962238289109,0.9721175020277478,1.5712132364046487
Encode-Decode_Experiment-1-1,2387122,-0.323269,-2.151738,33,0.8788,0.308556,False,0.271113,,20,0.85,0.150246,False,4.0,0.6,0.666667,3.0,4.0,0.0,1.0,3.0,1.0,0.0,111.0,-1.1981491302946126,-0.0016221593941582384,-0.4373914412499804,-0.4328881731425287,1.329063821174054
Encode-Decode_Experiment-1-1,2387122,-0.323269,-2.151738,33,0.8788,0.308556,False,0.271113,,20,0.85,0.150246,False,4.0,0.6,0.666667,2.0,5.0,0.0,0.0,2.0,1.0,0.0,111.0,-1.1981491302946126,-0.0016221593941582384,-0.4373914412499804,-0.4328881731425287,1.329063821174054
Encode-Decode_Experiment-1-1,2374670,-0.450497,-0.29457,39,0.9231,0.212175,False,0.840992,1.124747,22,1.0,0.216077,False,3.0,0.428571,1.0,2.0,3.0,0.0,0.0,2.0,1.0,0.0,44.0,-1.283643469790809,-0.6412381651313306,0.9041798632764366,0.08065763057069962,0.16061469784673077
Encode-Decode_Experiment-1-1,2356991,2.042876,1.93149,37,0.8919,0.161358,False,,,20,0.9,0.10691,False,2.0,0.5,1.0,4.0,4.0,1.0,0.0,5.0,1.0,0.0,140.0,0.39184681342239625,-0.37473056330316556,0.45698942843429763,-0.2810269986810549,-0.4554515299380462
Encode-Decode_Experiment-1-1,2412687,2.684105,3.839132,29,0.8966,0.127853,False,,,14,0.8571,0.065487,False,2.0,1.0,1.0,2.0,3.0,0.0,0.0,2.0,1.0,0.0,59.0,0.8227382038459391,1.4908114562418715,-1.3317723109342585,-0.22654245517197735,-0.8616403833124869
Encode-Decode_Experiment-1-1,2360001,-0.759455,-0.986798,38,0.9737,0.279301,False,1.259106,1.299048,19,0.9474,0.095826,False,3.0,0.4,0.333333,2.0,4.0,0.0,0.0,2.0,1.0,0.0,41.0,-1.491256260544934,-0.7478389672121729,0.6805846458553672,0.6672359074982241,0.9743986993871788
Encode-Decode_Experiment-1-1,2397102,2.442422,1.205847,35,1.0,0.145785,False,-0.16838,-0.725665,21,0.9048,0.054078,False,2.0,0.4,1.0,4.0,5.0,0.0,0.0,4.0,1.0,0.0,101.0,0.6603326920681918,-0.7478389672121729,0.009798993592158614,0.9721175020277478,-0.644246605705847
Encode-Decode_Experiment-1-1,150472,1.524928,,30,1.0,0.08805,False,0.201968,-0.60794,12,1.0,0.161246,False,3.0,0.2,-1.0,3.0,8.0,0.0,0.0,3.0,1.0,0.0,86.0,0.04379746773295734,-1.494055775030188,-1.108177093513189,0.9721175020277478,-1.3441813452842184
Encode-Decode_Experiment-1-1,2379478,3.123572,3.150713,35,0.9714,0.406243,False,,,24,0.9167,0.458496,False,2.0,0.4,1.0,,,,,,,,46.0,1.118050091915978,-0.7478389672121729,0.009798993592158614,0.6405732585469734,2.5133458841374625
Encode-Decode_Experiment-1-1,2369373,1.282086,-0.578715,40,1.0,0.232915,False,0.271149,,13,1.0,0.100731,False,2.0,0.666667,1.0,0.0,0.0,0.0,0.0,0.0,0.0,1.0,0.0,-0.11938686584090472,0.24711802023985988,1.1277750806975062,0.9721175020277478,0.4120505079940492
Encode-Decode_Experiment-1-1,2347025,0.117342,-1.28591,39,0.9487,0.101181,False,2.071172,3.625921,19,0.9474,0.081798,False,5.0,0.6,0.4,2.0,3.0,0.0,0.0,2.0,1.0,0.0,75.0,-0.9020685000893229,-0.0016221593941582384,0.9041798632764366,0.3774245058541899,-1.1849911995250846
Encode-Decode_Experiment-1-1,2349475,1.407713,1.576306,37,0.973,0.070533,False,2.281704,,19,1.0,0.055809,False,4.0,0.333333,-0.333333,,,,,,,,169.0,-0.034968362147624485,-0.9965791468461911,0.45698942843429763,0.6591211882521909,-1.5565439820417197
Encode-Decode_Experiment-1-1,2394020,1.766696,0.022806,33,0.8182,0.211957,False,1.519606,1.114345,23,0.9565,0.29959,False,3.0,0.25,-1.0,3.0,6.0,0.0,0.0,3.0,1.0,0.0,68.0,0.20626009758893563,-1.3075015730756843,-0.4373914412499804,-1.135391010727667,0.15797183349706276
Encode-Decode_Experiment-1-1,2362704,-0.742402,-0.997488,28,0.9286,0.175742,False,,,19,0.7895,0.088457,False,2.0,1.0,1.0,1.0,5.0,0.0,0.0,1.0,1.0,0.0,51.0,-1.479797030097009,1.4908114562418715,-1.5553675283553279,0.1444161389323865,-0.28107097578380186
Encode-Decode_Experiment-1-1,2385550,2.182082,0.702347,34,0.9412,0.305476,False,1.194956,2.394971,18,1.0,0.236058,False,2.0,0.333333,-1.0,3.0,4.0,0.0,0.0,3.0,1.0,0.0,134.0,0.4853900981074301,-0.9965791468461911,-0.2137962238289109,0.2904810853609803,1.2917242698117717
Encode-Decode_Experiment-1-1,2410309,1.990765,0.730909,36,0.9444,0.285861,False,0.664864,-2.080411,23,1.0,0.176868,False,5.0,0.6,0.2,2.0,3.0,1.0,0.0,3.0,1.0,0.0,70.0,0.35682939960243276,-0.0016221593941582384,0.23339421101322813,0.3275769447714164,1.0539270944964554
Encode-Decode_Experiment-1-1,2356125,1.74309,1.09801,34,0.9706,0.284523,False,,,18,1.0,0.071504,False,3.0,0.5,0.333333,4.0,7.0,0.0,0.0,4.0,1.0,0.0,122.0,0.19039739929809388,-0.37473056330316556,-0.2137962238289109,0.6312992936943641,1.0377062114695943
Encode-Decode_Experiment-1-1,2348899,4.695271,4.992679,32,1.0,0.205595,False,0.123366,0.478218,17,0.9412,0.12461,False,3.0,0.4,-0.333333,5.0,6.0,0.0,0.0,5.0,1.0,0.0,161.0,2.1741962852997645,-0.7478389672121729,-0.6609866586710499,0.9721175020277478,0.08084383811821798
Encode-Decode_Experiment-1-1,2350974,4.514891,5.032661,38,0.8158,0.278012,False,-0.486995,-0.430392,17,1.0,0.211749,False,4.0,0.4,-0.666667,2.0,4.0,0.0,1.0,2.0,1.0,0.0,46.0,2.052985003519623,-0.7478389672121729,0.6805846458553672,-1.1632129052854951,0.9587718546774439
Encode-Decode_Experiment-1-1,2383555,1.242228,0.236224,34,0.9706,0.165578,False,0.414656,1.032961,17,0.9412,0.189631,False,5.0,0.6,0.0,,,,,,,,119.0,-0.14617054068951815,-0.0016221593941582384,-0.2137962238289109,0.6312992936943641,-0.4042914952793344
Encode-Decode_Experiment-1-1,2409918,2.316643,2.147798,35,1.0,0.149448,False,-0.912559,0.108231,20,0.85,0.088457,False,4.0,0.75,0.666667,4.0,5.0,0.0,0.0,4.0,1.0,0.0,89.0,0.5758120478114865,0.558040446469353,0.009798993592158614,0.9721175020277478,-0.5998392106928467
Encode-Decode_Experiment-1-1,2347400,0.201341,0.200143,30,0.9,0.241136,False,-1.135227,-1.013811,21,1.0,0.069835,False,3.0,0.4,0.333333,4.0,6.0,0.0,0.0,4.0,1.0,0.0,70.0,-0.8456230712266434,-0.7478389672121729,-1.108177093513189,-0.1871281045483879,0.5117155897308427
Encode-Decode_Experiment-1-1,2408717,1.537246,1.346318,37,0.8649,0.207272,False,-0.418121,,26,0.9231,0.048856,False,2.0,0.666667,1.0,1.0,4.0,0.0,0.0,1.0,1.0,0.0,83.0,0.052074885234719,0.24711802023985988,0.45698942843429763,-0.5940233124566119,0.10117449644112327
Encode-Decode_Experiment-1-1,2386442,2.891137,3.235214,37,0.973,0.134292,False,-0.230409,0.137945,18,1.0,0.102708,False,4.0,0.5,0.333333,2.0,5.0,0.0,0.0,2.0,1.0,0.0,76.0,0.9618590270497662,-0.37473056330316556,0.45698942843429763,0.6591211882521909,-0.7835788991495852
Encode-Decode_Experiment-1-1,2385851,0.248483,1.028884,31,0.9032,0.15682,False,0.152334,0.40323,16,0.9375,0.152109,False,5.0,0.333333,-0.2,1.0,5.0,0.0,0.0,1.0,1.0,0.0,42.0,-0.8139447130623266,-0.9965791468461911,-0.8845818760921195,-0.1500322451379518,-0.5104667520426043
Encode-Decode_Experiment-1-1,2344622,-0.001997,-1.048945,24,0.7917,0.254556,False,,,18,1.0,0.166048,True,2.0,1.0,1.0,2.0,4.0,0.0,0.0,2.0,1.0,0.0,41.0,-0.9822616099482895,1.4908114562418715,-2.449748398039606,-1.442591096470344,0.6744093492379312
Encode-Decode_Experiment-1-1,2411268,2.790374,3.413571,32,0.9688,0.234453,False,1.786146,2.46011,20,1.0,0.08537,False,3.0,0.5,0.333333,2.0,5.0,0.0,0.0,2.0,1.0,0.0,54.0,0.8941485692051467,-0.37473056330316556,-0.6609866586710499,0.6104328727759933,0.4306960372132667
Encode-Decode_Experiment-1-1,2345035,-0.576252,-0.268452,41,0.878,0.23046,False,-0.993283,-0.782585,17,0.8824,0.196564,False,7.0,0.714286,0.619048,1.0,3.0,0.0,0.0,1.0,1.0,0.0,59.0,-1.3681479865901314,0.42478851109729,1.3513702981185758,-0.4421621379951381,0.382287975982879
Encode-Decode_Experiment-1-1,2370664,3.111753,5.606241,40,1.0,0.147073,False,,,17,0.9412,0.159114,False,2.0,0.666667,1.0,3.0,6.0,0.0,0.0,3.0,1.0,0.0,97.0,1.1101079911323022,0.24711802023985988,1.1277750806975062,0.9721175020277478,-0.6286318842270742
Encode-Decode_Experiment-1-1,2367132,2.52208,2.350202,37,0.973,0.103802,False,0.285135,0.692949,10,1.0,0.060864,False,3.0,0.666667,0.333333,2.0,5.0,0.0,0.0,2.0,1.0,0.0,92.0,0.7138610670767432,0.24711802023985988,0.45698942843429763,0.6591211882521909,-1.153216211174259
Encode-Decode_Experiment-2-1,2379478,2.924088,2.416604,42,0.9286,0.399197,False,-0.058045,0.39677,17,1.0,0.42265,False,6.0,0.666667,0.733333,,,,,,,,49.0,0.9840013540590656,0.24711802023985988,1.5749655155396451,0.1444161389323865,2.42792559878076
Encode-Decode_Experiment-2-1,2411268,-0.087115,0.222638,39,0.7692,0.231935,False,,,16,0.0625,0.018178,True,1.0,1.0,,1.0,6.0,0.0,0.0,1.0,1.0,0.0,63.0,-1.0394589815114457,1.4908114562418715,0.9041798632764366,-1.7034213579499742,0.4001697416515046
Encode-Decode_Experiment-2-1,2409918,2.84465,3.388721,37,0.8649,0.206175,False,1.078822,1.176836,13,1.0,0.125211,False,4.0,0.75,0.666667,1.0,4.0,0.0,0.0,1.0,1.0,0.0,94.0,0.9306208140765239,0.558040446469353,0.45698942843429763,-0.5940233124566119,0.08787531207605037
Encode-Decode_Experiment-2-1,2370664,2.940658,3.121904,43,1.0,0.127741,False,,,11,0.9091,0.103671,False,1.0,0.5,,3.0,10.0,0.0,0.0,3.0,1.0,0.0,154.0,0.9951360194271607,-0.37473056330316556,1.7985607329607147,0.9721175020277478,-0.8629981851802063
Encode-Decode_Experiment-2-1,2356991,2.276321,2.375767,37,0.9189,0.182026,False,,,12,1.0,0.038629,False,2.0,1.0,1.0,1.0,3.0,1.0,0.0,2.0,1.0,0.0,82.0,0.5487165754534706,1.4908114562418715,0.45698942843429763,0.03196931509450211,-0.20488859241997617
Encode-Decode_Experiment-2-1,2412687,-0.036055,1.127482,35,0.8571,0.161694,False,-0.801581,,15,0.8667,0.066356,False,4.0,1.0,1.0,2.0,4.0,0.0,0.0,2.0,1.0,0.0,110.0,-1.0051478159293743,1.4908114562418715,0.009798993592158614,-0.6844444697695509,-0.4513781243348881
Encode-Decode_Experiment-2-1,150472,1.585924,2.295674,37,0.9459,0.094441,False,-0.150394,,12,1.0,0.065708,False,4.0,0.75,0.333333,0.0,0.0,0.0,0.0,0.0,0.0,1.0,52.0,0.08478540067153989,0.558040446469353,0.45698942843429763,0.3449656288700578,-1.2667017762074821
Encode-Decode_Experiment-2-1,2397102,2.270703,1.175764,42,0.9286,0.129092,False,0.576662,1.737809,19,1.0,0.062052,False,1.0,0.166667,,4.0,8.0,1.0,1.0,5.0,1.0,0.0,143.0,0.5449414064710957,-1.6184239993051772,1.5749655155396451,0.1444161389323865,-0.8466197001508413
Encode-Decode_Experiment-2-1,2362704,0.043275,-0.130035,34,0.9706,0.139211,False,-1.0083,,20,1.0,0.153456,False,3.0,0.333333,0.333333,3.0,3.0,0.0,0.0,3.0,1.0,0.0,68.0,-0.9518398495050553,-0.9965791468461911,-0.2137962238289109,0.6312992936943641,-0.7239447260485891
Encode-Decode_Experiment-2-1,2385550,3.804287,,42,0.9524,0.219109,False,0.647146,0.137786,19,0.7895,0.191269,False,5.0,0.5,0.0,4.0,4.0,0.0,0.0,4.0,1.0,0.0,107.0,1.5754751815986996,-0.37473056330316556,1.5749655155396451,0.42031659329750737,0.2446771813357136
Encode-Decode_Experiment-2-1,2385851,-1.785738,-1.513972,35,0.9429,0.221903,False,0.684794,0.608248,19,0.9474,0.220397,False,5.0,0.428571,0.2,2.0,5.0,0.0,0.0,2.0,1.0,0.0,41.0,-2.180895233264579,-0.6412381651313306,0.009798993592158614,0.3101882606727737,0.27854948864292695
Encode-Decode_Experiment-2-1,2344622,-0.171378,-0.679974,36,0.8611,0.211338,False,1.729974,,17,1.0,0.294127,False,0.0,0.0,,2.0,4.0,2.0,1.0,4.0,1.0,0.0,93.0,-1.0960818124053369,-2.2402725828482026,0.23339421101322813,-0.6380746455065054,0.1504675535317208
Encode-Decode_Experiment-2-1,2367132,1.799592,1.909472,38,0.9737,0.123725,False,,,11,1.0,0.00241,True,0.0,0.0,,3.0,5.0,0.0,0.0,3.0,1.0,0.0,78.0,0.2283654658417328,-2.2402725828482026,0.6805846458553672,0.6672359074982241,-0.9116850807227149
Encode-Decode_Experiment-2-1,2350974,1.277022,1.336451,31,0.5161,0.2135,False,-2.711135,-2.827286,14,1.0,0.161599,False,2.0,0.333333,-1.0,2.0,4.0,0.0,0.0,2.0,1.0,0.0,48.0,-0.1227897593486918,-0.9965791468461911,-0.8845818760921195,-4.637471988194174,0.17667797887108924
Encode-Decode_Experiment-2-1,2347025,0.4934,0.50741,38,1.0,0.10076,False,0.470615,-0.704317,19,1.0,0.119685,False,5.0,0.6,0.2,2.0,5.0,0.0,0.0,2.0,1.0,0.0,108.0,-0.6493660264022366,-0.0016221593941582384,0.6805846458553672,0.9721175020277478,-1.1900950797599938
Encode-Decode_Experiment-2-1,2360001,3.555574,,31,1.0,0.319628,False,,,19,1.0,0.139017,False,2.0,0.666667,1.0,2.0,4.0,0.0,0.0,2.0,1.0,0.0,84.0,1.4083456687625515,0.24711802023985988,-0.8845818760921195,0.9721175020277478,1.4632922343828831
Encode-Decode_Experiment-2-1,2356125,-0.392903,0.195886,37,0.8108,0.323423,False,,,14,1.0,0.074841,True,1.0,1.0,,4.0,9.0,0.0,1.0,4.0,1.0,0.0,173.0,-1.244941603936249,1.4908114562418715,0.45698942843429763,-1.2211751856143018,1.5092998958828383
Encode-Decode_Experiment-2-1,2408717,-0.372013,-0.665182,36,0.75,0.218882,False,,,9,1.0,0.041422,False,1.0,0.333333,,3.0,4.0,0.0,0.0,3.0,1.0,0.0,106.0,-1.2309039962392363,-0.9965791468461911,0.23339421101322813,-1.9259965144125923,0.24192520790738947
Encode-Decode_Experiment-2-1,2349475,0.940489,1.767092,43,0.8605,0.093206,False,-0.565369,-0.230339,17,0.9412,0.159614,False,5.0,0.428571,0.4,,,,,,,,125.0,-0.3489323266583521,-0.6412381651313306,1.7985607329607147,-0.6450301191459614,-1.2816739664452805
Encode-Decode_Experiment-2-1,2345035,-0.664166,-0.779499,40,0.875,0.228074,False,-0.394948,-0.401342,13,1.0,0.243879,False,3.0,1.0,1.0,1.0,3.0,0.0,2.0,1.0,1.0,0.0,81.0,-1.4272242069383927,1.4908114562418715,1.1277750806975062,-0.4769395061924222,0.35336194690807177
Encode-Decode_Experiment-2-1,2371471,-0.504208,0.023739,32,1.0,0.48056,False,,,14,1.0,0.139538,False,2.0,1.0,1.0,0.0,0.0,0.0,0.0,0.0,0.0,1.0,0.0,-1.3197360474362974,1.4908114562418715,-0.6609866586710499,0.9721175020277478,3.41430803952407
Encode-Decode_Experiment-2-1,2347400,2.544912,2.734828,37,0.9459,0.22687,False,1.434294,-0.235817,15,1.0,0.118355,False,4.0,0.666667,1.0,5.0,5.0,1.0,0.0,6.0,1.0,0.0,134.0,0.7292036548669873,0.24711802023985988,0.45698942843429763,0.3449656288700578,0.33876557683008846
Encode-Decode_Experiment-2-1,2383555,0.002267,0.725924,37,0.8919,0.221859,False,0.436293,0.130724,15,0.9333,0.124215,False,5.0,0.5,0.2,,,,,,,,132.0,-0.9793962983532649,-0.37473056330316556,0.45698942843429763,-0.2810269986810549,0.2780160664806088
Encode-Decode_Experiment-2-1,2348899,3.87696,3.694145,37,1.0,0.193031,False,-0.606221,-0.293558,15,0.8667,0.134571,False,2.0,0.5,1.0,3.0,6.0,0.0,0.0,3.0,1.0,0.0,112.0,1.624309794531443,-0.37473056330316556,0.45698942843429763,0.9721175020277478,-0.0714724356855865
Encode-Decode_Experiment-2-1,2374670,1.917099,2.658246,33,0.8485,0.270729,False,-1.029869,-0.936618,12,1.0,0.305899,False,3.0,0.75,1.0,4.0,4.0,0.0,0.0,4.0,1.0,0.0,83.0,0.30732751312047296,0.558040446469353,-0.4373914412499804,-0.7841395919350979,0.8704783635828
Encode-Decode_Experiment-2-1,2387122,0.299138,-1.051637,38,1.0,0.20467,False,,,11,0.0909,0.008175,True,0.0,0.0,,3.0,3.0,0.0,1.0,3.0,1.0,0.0,102.0,-0.7799056983235914,-2.2402725828482026,0.6805846458553672,0.9721175020277478,0.06962984947857132
Encode-Decode_Experiment-2-1,2386442,3.055224,4.130084,43,1.0,0.121236,False,0.703086,1.949695,14,0.9286,0.044563,False,2.0,0.5,1.0,4.0,6.0,0.0,0.0,4.0,1.0,0.0,193.0,1.0721217811991073,-0.37473056330316556,1.7985607329607147,0.9721175020277478,-0.9418598025865855
Encode-Decode_Experiment-2-1,2394020,2.381256,2.262446,37,0.7297,0.351042,False,,,13,0.8462,0.089789,False,2.0,0.666667,1.0,2.0,6.0,0.0,0.0,2.0,1.0,0.0,63.0,0.6192305229731471,0.24711802023985988,0.45698942843429763,-2.161323372547548,1.8441314118162417
Encode-Decode_Experiment-3-1,2348899,3.36501,3.31332,33,0.9697,0.196117,False,0.480829,,6,1.0,0.089038,False,3.0,0.75,1.0,4.0,5.0,0.0,0.0,4.0,1.0,0.0,50.0,1.2802909692329416,0.558040446469353,-0.4373914412499804,0.6208660832351787,-0.034060144937533204
Encode-Decode_Experiment-3-1,2385550,2.299355,-1.05642,34,0.9706,0.158456,False,1.878046,1.043476,10,1.0,0.095316,False,2.0,0.5,1.0,2.0,4.0,0.0,0.0,2.0,1.0,0.0,75.0,0.5641949026766871,-0.37473056330316556,-0.2137962238289109,0.6312992936943641,-0.4906331461891318
Encode-Decode_Experiment-3-1,2349475,-0.27773,0.217797,37,0.8649,0.065952,False,1.057191,1.399735,14,1.0,0.083703,False,4.0,0.4,0.0,,,,,,,,47.0,-1.1675479518879939,-0.7478389672121729,0.45698942843429763,-0.5940233124566119,-1.6120805030776342
Encode-Decode_Experiment-3-1,2350974,1.53063,1.33825,37,0.8108,0.228493,False,1.906416,-0.098148,18,0.8889,0.184981,False,4.0,0.5,0.0,2.0,3.0,0.0,0.0,2.0,1.0,0.0,42.0,0.04762908281617252,-0.37473056330316556,0.45698942843429763,-1.2211751856143018,0.35844158068105764
Encode-Decode_Experiment-3-1,2371471,1.614844,1.496415,32,1.0,0.351353,False,0.313723,-0.77121,15,0.9333,0.188777,False,4.0,0.5,0.0,0.0,0.0,0.0,0.0,0.0,0.0,1.0,49.0,0.10421898681790707,-0.37473056330316556,-0.6609866586710499,0.9721175020277478,1.8479017366453554
Encode-Decode_Experiment-3-1,2356125,1.111384,-0.108081,37,0.8378,0.278912,False,,,9,1.0,0.040274,True,1.0,1.0,,3.0,7.0,1.0,0.0,4.0,1.0,0.0,71.0,-0.23409475043140152,1.4908114562418715,0.45698942843429763,-0.9081788718387449,0.9696827625430461
Encode-Decode_Experiment-3-1,2387122,1.463204,1.919942,41,1.0,0.118037,False,,,14,0.2143,0.07146,True,2.0,1.0,1.0,4.0,5.0,0.0,0.0,4.0,1.0,0.0,55.0,0.0023203352537606624,1.4908114562418715,1.3513702981185758,0.9721175020277478,-0.9806420184333199
Encode-Decode_Experiment-3-1,2369373,0.358287,1.216223,40,0.85,0.249228,False,1.774127,,11,0.9091,0.169613,False,2.0,0.166667,-1.0,2.0,3.0,0.0,0.0,2.0,1.0,0.0,22.0,-0.7401589076260991,-1.6184239993051772,1.1277750806975062,-0.7667509078364565,0.6098167746735671
Encode-Decode_Experiment-3-1,2394020,2.992126,-0.912561,31,0.9032,0.241137,False,,,12,1.0,0.115845,True,2.0,0.5,-1.0,2.0,6.0,0.0,0.0,2.0,1.0,0.0,47.0,1.029721351784741,-0.37473056330316556,-0.8845818760921195,-0.1500322451379518,0.5117277129618045
Encode-Decode_Experiment-3-1,2370664,2.33037,-1.131153,38,0.9474,0.122624,False,-0.405178,,7,0.4286,0.282149,False,1.0,0.333333,,1.0,5.0,0.0,0.0,1.0,1.0,0.0,41.0,0.5850362814571013,-0.9965791468461911,0.6805846458553672,0.3623543129687005,-0.9250327580116349
Encode-Decode_Experiment-3-1,150472,1.414777,-1.126348,36,1.0,0.095156,False,1.028901,1.152083,7,1.0,0.052404,False,2.0,0.25,-1.0,0.0,0.0,0.0,0.0,0.0,0.0,1.0,61.0,-0.03022151385793096,-1.3075015730756843,0.23339421101322813,0.9721175020277478,-1.2580336660698093
Encode-Decode_Experiment-3-1,2411268,3.48747,4.475641,41,0.878,0.203535,False,,,13,1.0,0.07675,True,1.0,0.5,,3.0,7.0,0.0,0.0,3.0,1.0,0.0,64.0,1.3625813205290735,-0.37473056330316556,1.3513702981185758,-0.4421621379951381,0.055869982336950993
Encode-Decode_Experiment-3-1,2385851,1.790687,1.323363,38,0.7368,0.288481,False,,,10,1.0,0.229994,False,2.0,0.25,-1.0,3.0,6.0,0.0,0.0,3.0,1.0,0.0,73.0,0.22238150717529426,-1.3075015730756843,0.6805846458553672,-2.079016934480642,1.0856899596163194
Encode-Decode_Experiment-3-1,2379478,2.128851,-1.384199,38,0.9211,0.400744,False,1.239704,0.613962,5,1.0,0.249157,False,2.0,0.666667,1.0,,,,,,,,64.0,0.4496200696095993,0.24711802023985988,0.6805846458553672,0.057472718439176874,2.4466802370786334
Encode-Decode_Experiment-3-1,2347400,1.798775,0.025828,36,0.9167,0.221102,False,,,2,1.0,0.014773,True,1.0,1.0,,3.0,6.0,0.0,0.0,3.0,1.0,0.0,56.0,0.22781646031332398,1.4908114562418715,0.23339421101322813,0.00646591174982607,0.2688387806425412
Encode-Decode_Experiment-3-1,2386442,0.465907,-1.171591,47,0.9787,0.088028,False,,0.473134,8,0.75,0.12274,False,2.0,0.666667,1.0,1.0,3.0,0.0,0.0,1.0,1.0,0.0,31.0,-0.6678407008117135,0.24711802023985988,2.692941602644993,0.725198187827031,-1.3444480563653776
Encode-Decode_Experiment-3-1,2344622,-1.072029,-1.182168,42,0.9048,0.18236,False,-0.459143,,7,1.0,0.104069,False,3.0,0.5,-0.333333,3.0,5.0,0.0,0.0,3.0,1.0,0.0,54.0,-1.7012989215447463,-0.37473056330316556,1.5749655155396451,-0.1314843154327331,-0.20083943327874162
Encode-Decode_Experiment-3-1,2410309,-1.187929,-0.332776,49,0.9796,0.198075,False,,,6,1.0,0.15008,False,2.0,0.5,-1.0,3.0,5.0,0.0,0.0,3.0,1.0,0.0,61.0,-1.7791811011562246,-0.37473056330316556,3.140132037487132,0.7356313982862164,-0.010322858714368008
Encode-Decode_Experiment-3-1,2408717,0.08765,-0.272307,39,0.641,0.223449,False,0.308915,,15,1.0,0.1852,False,3.0,0.75,1.0,3.0,4.0,0.0,0.0,3.0,1.0,0.0,47.0,-0.922020852781506,0.558040446469353,0.9041798632764366,-3.1895742255805803,0.29729200370983916
Encode-Decode_Experiment-3-1,2345035,-0.376141,-1.533435,47,0.766,0.169135,False,0.005465,,7,0.7143,0.250669,False,2.0,0.666667,1.0,3.0,4.0,0.0,0.0,3.0,1.0,0.0,56.0,-1.2336779189090914,0.24711802023985988,2.692941602644993,-1.7405172173604102,-0.36116916274828265
Encode-Decode_Experiment-3-1,2409918,3.767248,2.518439,43,0.7907,0.13324,False,,,11,1.0,0.021559,False,2.0,1.0,1.0,3.0,3.0,0.0,0.0,3.0,1.0,0.0,30.0,1.5505858110151833,1.4908114562418715,1.7985607329607147,-1.4541835525361053,-0.7963325381213778
Encode-Decode_Experiment-3-1,2367132,4.468619,6.897704,34,0.9118,0.090705,False,-1.508302,-0.005077,12,1.0,0.04617,False,3.0,0.666667,-0.333333,2.0,5.0,0.0,0.0,2.0,1.0,0.0,42.0,2.021891265685435,0.24711802023985988,-0.2137962238289109,-0.05033712297240349,-1.3119941670806925
Encode-Decode_Experiment-3-1,2412687,0.351895,0.718067,32,0.9375,0.106788,False,0.638552,,20,0.95,0.025826,False,4.0,0.25,-1.0,0.0,0.0,0.0,0.0,0.0,0.0,1.0,10.0,-0.7444541871090722,-1.3075015730756843,-0.6609866586710499,0.24758899791766284,-1.1170162435223838
Encode-Decode_Experiment-3-1,2397102,1.213798,-0.209676,48,0.8542,0.048408,False,,,12,1.0,0.045433,True,1.0,1.0,,3.0,6.0,0.0,0.0,3.0,1.0,0.0,55.0,-0.16527485791431834,1.4908114562418715,2.9165368200660624,-0.7180625923602589,-1.8247704670711031
Encode-Decode_Experiment-3-1,2362704,1.760833,-1.029999,37,0.9459,0.169971,False,,,7,0.5714,0.01996,False,3.0,0.333333,-1.0,2.0,4.0,0.0,0.0,2.0,1.0,0.0,35.0,0.20232029414577693,-0.9965791468461911,0.45698942843429763,0.3449656288700578,-0.3510341416642345
Encode-Decode_Experiment-3-1,2356991,0.834267,-0.853563,31,0.9032,0.110549,False,,,11,1.0,0.043374,True,1.0,1.0,,2.0,2.0,0.0,0.0,2.0,1.0,0.0,31.0,-0.42031110908018515,1.4908114562418715,-0.8845818760921195,-0.1500322451379518,-1.071420771875129
Encode-Decode_Experiment-3-1,2347025,-2.606057,-1.760028,30,1.0,0.091809,False,,,6,1.0,0.0524,True,2.0,1.0,1.0,2.0,4.0,0.0,0.0,2.0,1.0,0.0,37.0,-2.7321310546339332,1.4908114562418715,-1.108177093513189,0.9721175020277478,-1.298610120098887
Encode-Decode_Experiment-3-1,2383555,-0.45513,-0.065815,39,0.8205,0.192574,False,0.737571,-0.029828,19,0.8947,0.134081,False,6.0,0.5,0.2,,,,,,,,10.0,-1.2867567410430953,-0.37473056330316556,0.9041798632764366,-1.1087283617764163,-0.07701275223512015
Encode-Decode_Experiment-3-1,2374670,0.364505,0.475464,38,0.8421,0.299856,False,,,17,1.0,0.078419,True,1.0,1.0,,4.0,6.0,0.0,0.0,4.0,1.0,0.0,83.0,-0.735980552209152,1.4908114562418715,0.6805846458553672,-0.8583313107559715,1.2235917118065678
Encode-Decode_Experiment-3-1,2360001,3.127842,1.011341,41,0.9756,0.236939,False,-1.566644,-1.06075,12,1.0,0.217801,False,3.0,0.25,-1.0,3.0,4.0,0.0,0.0,3.0,1.0,0.0,45.0,1.1209194353753482,-1.3075015730756843,1.3513702981185758,0.6892615740231709,0.4608343893842521
Encode-Decode_Experiment-4-1,2397102,3.316107,4.247669,36,1.0,0.116982,False,-0.365647,-0.891449,19,0.9474,0.065275,False,2.0,0.25,-1.0,5.0,9.0,0.0,1.0,5.0,1.0,0.0,193.0,1.2474292588831566,-1.3075015730756843,0.23339421101322813,0.9721175020277478,-0.9934320270979978
Encode-Decode_Experiment-4-1,2356125,-0.93833,-1.102075,33,0.9091,0.135133,False,0.463894,1.050543,18,1.0,0.057042,False,3.0,0.5,-0.333333,0.0,0.0,0.0,0.0,0.0,0.0,1.0,0.0,-1.6114562163516915,-0.37473056330316556,-0.4373914412499804,-0.08163675434995958,-0.7733832619107281
Encode-Decode_Experiment-4-1,2347400,0.385679,0.453074,37,0.8919,0.210394,False,,,13,0.6923,0.090873,False,2.0,0.25,-1.0,3.0,8.0,0.0,0.0,3.0,1.0,0.0,103.0,-0.7217521029331087,-1.3075015730756843,0.45698942843429763,-0.2810269986810549,0.13902322350380042
Encode-Decode_Experiment-4-1,2379478,2.276744,0.670838,36,1.0,0.317734,False,-0.849734,-0.865436,6,0.8333,0.446368,False,3.0,0.4,0.333333,,,,,,,,0.0,0.5490008218898439,-0.7478389672121729,0.23339421101322813,0.9721175020277478,1.4403308349412716
Encode-Decode_Experiment-4-1,2385550,0.971378,-0.261132,37,0.973,0.241754,False,,,19,1.0,0.875462,True,2.0,1.0,1.0,3.0,5.0,0.0,0.0,3.0,1.0,0.0,111.0,-0.3281756170291981,1.4908114562418715,0.45698942843429763,0.6591211882521909,0.5192077464652228
Encode-Decode_Experiment-4-1,2362704,-0.019947,0.918165,32,1.0,0.13307,False,0.496141,,11,1.0,0.127878,False,4.0,0.75,0.333333,2.0,5.0,0.0,0.0,2.0,1.0,0.0,61.0,-0.9943236041158997,0.558040446469353,-0.6609866586710499,0.9721175020277478,-0.7983934873848805
Encode-Decode_Experiment-4-1,2394020,2.079047,-0.551531,31,0.9355,0.241063,False,-0.014115,0.591703,9,1.0,0.215475,False,3.0,0.4,-0.333333,2.0,7.0,1.0,0.0,3.0,1.0,0.0,118.0,0.4161529076305651,-0.7478389672121729,-0.8845818760921195,0.2244040857861401,0.5108305938706329
Encode-Decode_Experiment-4-1,2374670,1.21222,1.730486,33,0.9091,0.273023,False,1.748371,1.759381,15,1.0,0.197371,False,6.0,0.333333,-0.333333,8.0,6.0,0.0,0.0,8.0,1.0,0.0,191.0,-0.16633523823724244,-0.9965791468461911,-0.4373914412499804,-0.08163675434995958,0.8982890554091236
Encode-Decode_Experiment-4-1,2409918,2.474816,3.076993,34,0.9412,0.143787,False,-0.613334,0.567573,13,1.0,0.083134,False,3.0,0.75,1.0,3.0,4.0,2.0,0.0,5.0,1.0,0.0,115.0,0.6821007276707304,0.558040446469353,-0.2137962238289109,0.2904810853609803,-0.6684688211674836
Encode-Decode_Experiment-4-1,2345035,0.260286,0.630962,39,0.8205,0.161992,False,,,16,1.0,0.122809,True,2.0,0.5,-1.0,3.0,6.0,0.0,0.0,3.0,1.0,0.0,147.0,-0.8060133639169058,-0.37473056330316556,0.9041798632764366,-1.1087283617764163,-0.4477654015082777
Encode-Decode_Experiment-4-1,2383555,-1.468165,-0.929194,34,0.7941,0.162869,False,1.518788,-0.003885,15,1.0,0.131643,False,2.0,0.5,1.0,,,,,,,,115.0,-1.9674933572873912,-0.37473056330316556,-0.2137962238289109,-1.414769201912516,-0.4371333279547964
Encode-Decode_Experiment-4-1,2386442,3.495187,4.576887,38,1.0,0.118407,False,,,19,1.0,0.055388,True,1.0,1.0,,2.0,5.0,0.0,2.0,2.0,1.0,0.0,161.0,1.3677669700550592,1.4908114562418715,0.6805846458553672,0.9721175020277478,-0.9761564229774613
Encode-Decode_Experiment-4-1,2385851,-0.171115,-0.250697,33,0.9394,0.218636,False,1.133255,,15,1.0,0.122417,False,4.0,0.5,0.0,5.0,6.0,0.0,0.0,5.0,1.0,0.0,83.0,-1.0959050823515162,-0.37473056330316556,-0.4373914412499804,0.26961466444260956,0.2389428930907916
Encode-Decode_Experiment-4-1,2369373,1.351349,-0.284908,38,0.9474,0.196659,False,0.390075,,17,1.0,0.158121,False,2.0,0.666667,1.0,2.0,9.0,0.0,0.0,2.0,1.0,0.0,122.0,-0.07284369581131188,0.24711802023985988,0.6805846458553672,0.3623543129687005,-0.027489353756248572
Encode-Decode_Experiment-4-1,2410309,-1.27019,-0.622892,37,0.973,0.207211,False,0.838723,-1.238563,14,1.0,0.117017,False,4.0,0.75,0.666667,0.0,0.0,0.0,0.0,0.0,0.0,1.0,0.0,-1.8344586333134276,0.558040446469353,0.45698942843429763,0.6591211882521909,0.10043497935245461
Encode-Decode_Experiment-4-1,2412687,2.501584,3.378949,39,0.8974,0.206351,False,,,14,0.9286,0.047213,True,1.0,0.5,,3.0,4.0,0.0,0.0,3.0,1.0,0.0,126.0,0.700088218471766,-0.37473056330316556,0.9041798632764366,-0.21726849031936799,0.09000900072532378
Encode-Decode_Experiment-4-1,2349475,1.827507,2.93235,38,0.9474,0.073026,False,,,20,1.0,0.027336,False,3.0,0.333333,-1.0,,,,,,,,289.0,0.2471237147101919,-0.9965791468461911,0.6805846458553672,0.3623543129687005,-1.5263207672540018
Encode-Decode_Experiment-4-1,2347025,2.293579,0.774906,34,0.8529,0.122783,False,,-1.454914,19,0.8947,0.1061,False,3.0,0.333333,-1.0,4.0,4.0,0.0,0.0,4.0,1.0,0.0,148.0,0.5603135612665413,-0.9965791468461911,-0.2137962238289109,-0.7331327852457483,-0.9231051642887117
Encode-Decode_Experiment-4-1,2360001,1.96929,2.268409,32,0.9688,0.333617,False,1.188577,1.14492,16,1.0,0.208077,False,4.0,0.5,0.666667,0.0,0.0,0.0,0.0,0.0,0.0,1.0,0.0,0.3423986851317124,-0.37473056330316556,-0.6609866586710499,0.6104328727759933,1.632884112307224
Encode-Decode_Experiment-4-1,2370664,0.880341,-1.08931,35,1.0,0.148556,False,,,9,0.7778,0.140115,True,1.0,1.0,,0.0,0.0,0.0,0.0,0.0,0.0,1.0,0.0,-0.38935042276940646,1.4908114562418715,0.009798993592158614,0.9721175020277478,-0.6106531327107546
Encode-Decode_Experiment-4-1,2411268,1.843563,2.345728,32,0.7812,0.269349,False,1.866431,-0.84866,20,1.0,0.066589,False,3.0,1.0,1.0,5.0,6.0,0.0,0.0,5.0,1.0,0.0,159.0,0.25791298369933685,1.4908114562418715,-0.6609866586710499,-1.5643118851608377,0.8537483048555435
Encode-Decode_Experiment-4-1,2387122,1.061913,0.751028,25,0.88,0.19925,False,,,21,0.8095,0.135519,True,1.0,1.0,,5.0,5.0,0.0,0.0,5.0,1.0,0.0,148.0,-0.26733814393924815,1.4908114562418715,-2.2261531806185366,-0.41897722586361535,0.0039219376657236675
Encode-Decode_Experiment-4-1,2344622,-0.07935,-0.181819,35,0.7429,0.246308,False,0.366981,0.404227,19,0.9474,0.189899,False,3.0,0.5,0.333333,4.0,6.0,0.0,0.0,4.0,1.0,0.0,81.0,-1.034241077070694,-0.37473056330316556,0.009798993592158614,-2.008302952479498,0.5744169402651693
Encode-Decode_Experiment-4-1,2408717,1.097046,-1.220715,37,0.9189,0.232961,False,,,13,0.9231,0.084928,False,2.0,0.333333,-1.0,3.0,6.0,0.0,0.0,3.0,1.0,0.0,157.0,-0.24372956226288878,-0.9965791468461911,0.45698942843429763,0.03196931509450211,0.4126081766182909
Encode-Decode_Experiment-4-1,2367132,5.581413,6.33092,33,0.9697,0.086315,False,0.007218,,17,1.0,0.045624,False,1.0,0.25,,3.0,6.0,0.0,0.0,3.0,1.0,0.0,120.0,2.7696636744738337,-1.3075015730756843,-0.4373914412499804,0.6208660832351787,-1.3652151510029067
Encode-Decode_Experiment-4-1,2348899,3.095523,3.304036,36,1.0,0.190197,False,0.974047,0.936571,22,0.9545,0.164233,False,4.0,1.0,1.0,5.0,9.0,0.0,0.0,5.0,1.0,0.0,192.0,1.0992017980771311,1.4908114562418715,0.23339421101322813,0.9721175020277478,-0.10582967223127122
Encode-Decode_Experiment-4-1,2356991,0.908546,1.826181,33,0.9394,0.136008,False,,,24,1.0,0.061716,False,1.0,0.5,,2.0,6.0,0.0,1.0,2.0,1.0,0.0,164.0,-0.3703973004575709,-0.37473056330316556,-0.4373914412499804,0.26961466444260956,-0.7627754348191708
Encode-Decode_Experiment-4-1,2371471,2.689722,1.163466,30,1.0,0.375526,False,,,20,1.0,0.131041,False,2.0,1.0,1.0,4.0,3.0,0.0,0.0,4.0,1.0,0.0,185.0,0.8265127008509233,1.4908114562418715,-1.108177093513189,0.9721175020277478,2.1409565986844648
Encode-Decode_Experiment-4-1,2350974,2.641426,2.343011,32,0.9375,0.256541,False,0.298017,0.265624,18,1.0,0.08706,False,2.0,0.5,1.0,3.0,8.0,0.0,0.0,3.0,1.0,0.0,114.0,0.7940588807774465,-0.37473056330316556,-0.6609866586710499,0.24758899791766284,0.6984739626970649
Encode-Decode_Experiment-4-1,150472,0.757854,0.621049,34,1.0,0.068757,False,-0.020307,0.844775,17,1.0,0.148441,False,5.0,0.333333,0.2,0.0,0.0,0.0,0.0,0.0,0.0,1.0,142.0,-0.4716589174550936,-0.9965791468461911,-0.2137962238289109,0.9721175020277478,-1.5780748402298412
Encode-Decode_Experiment-5-1,2349475,0.259666,0.839933,34,0.8824,0.08261,False,,,12,1.0,0.040332,False,1.0,0.2,,,,,,,,,166.0,-0.8064299898992968,-1.494055775030188,-0.2137962238289109,-0.39115533130578856,-1.4101317217163019
Encode-Decode_Experiment-5-1,2360001,0.208615,0.238547,37,1.0,0.259329,False,0.627031,,6,0.8333,0.169165,False,2.0,0.25,-1.0,,,,,,,,84.0,-0.8407351076848497,-1.3075015730756843,0.45698942843429763,0.9721175020277478,0.7322735306185071
Encode-Decode_Experiment-5-1,2348899,3.898683,4.248546,33,0.9697,0.156679,False,,,14,1.0,0.112024,False,2.0,1.0,1.0,,,,,,,,159.0,1.6389071593951203,1.4908114562418715,-0.4373914412499804,0.6208660832351787,-0.512176127608215
Encode-Decode_Experiment-5-1,2410309,1.450716,2.117161,33,1.0,0.262614,False,0.467298,,10,0.9,0.151746,False,3.0,0.75,1.0,,,,,,,,96.0,-0.0060713184044631965,0.558040446469353,-0.4373914412499804,0.9721175020277478,0.772098344327955
Encode-Decode_Experiment-5-1,2345035,-0.024302,0.766983,38,0.8684,0.185014,False,,,14,0.8571,0.306193,False,2.0,1.0,1.0,,,,,,,,109.0,-0.997250065653501,1.4908114562418715,0.6805846458553672,-0.5534497162264478,-0.16866437830617714
Encode-Decode_Experiment-5-1,2374670,2.213996,3.294725,30,0.9667,0.227883,False,,,6,1.0,0.152816,True,2.0,1.0,1.0,,,,,,,,137.0,0.5068355845623111,1.4908114562418715,-1.108177093513189,0.5860887150378946,0.35104640979437185
Encode-Decode_Experiment-5-1,2367132,3.707482,6.674325,35,0.9429,0.085645,False,0.54018,0.033105,13,0.8462,0.053855,False,5.0,0.333333,0.0,,,,,,,,221.0,1.5104244102674733,-0.9965791468461911,0.009798993592158614,0.3101882606727737,-1.3733377157472995
Encode-Decode_Experiment-5-1,150472,0.451264,-1.243585,34,0.9412,0.081712,False,-1.307612,-0.973573,8,1.0,0.120395,False,5.0,0.6,0.4,,,,,,,,186.0,-0.6776804657474417,-0.0016221593941582384,-0.2137962238289109,0.2904810853609803,-1.4210183831199803
Encode-Decode_Experiment-5-1,2347025,1.291598,1.467062,29,0.8966,0.14315,False,,,7,0.8571,0.119019,True,2.0,1.0,1.0,,,,,,,,235.0,-0.1129950168981577,1.4908114562418715,-1.3317723109342585,-0.22654245517197735,-0.6761913192901374
Encode-Decode_Experiment-5-1,2344622,1.391996,2.015678,33,0.9091,0.240572,False,1.299565,0.928952,13,0.6154,0.141791,False,2.0,0.2,-1.0,,,,,,,,107.0,-0.045529830801236244,-1.494055775030188,-0.4373914412499804,-0.08163675434995958,0.504878087468399
Encode-Decode_Experiment-5-1,2408717,0.289411,0.128955,32,0.9062,0.250411,False,,,6,1.0,0.08471,True,1.0,0.5,,,,,,,,,153.0,-0.7864420224053932,-0.37473056330316556,-0.6609866586710499,-0.11525487694066767,0.6241585569013528
Encode-Decode_Experiment-5-1,2356991,0.348115,0.403153,32,0.9688,0.148026,False,-0.758006,-1.23395,13,1.0,0.044929,False,3.0,1.0,1.0,,,,,,,,122.0,-0.7469942616468754,1.4908114562418715,-0.6609866586710499,0.6104328727759933,-0.617078445120498
Encode-Decode_Experiment-5-1,2362704,0.233212,-0.661339,33,1.0,0.170206,False,-0.178518,0.04825,11,0.8182,0.1734,False,2.0,0.333333,1.0,,,,,,,,114.0,-0.8242064797995733,-0.9965791468461911,-0.4373914412499804,0.9721175020277478,-0.3481851823882164
Encode-Decode_Experiment-5-1,2385851,1.322082,0.915774,30,1.0,0.134796,False,,,8,1.0,0.172552,False,3.0,0.666667,0.333333,,,,,,,,92.0,-0.09251045811233975,0.24711802023985988,-1.108177093513189,0.9721175020277478,-0.777468790744848
Encode-Decode_Experiment-5-1,2370664,1.984518,-0.0,29,1.0,0.119727,False,,,3,1.0,0.167319,True,1.0,1.0,,,,,,,,,296.0,0.35263155684114805,1.4908114562418715,-1.3317723109342585,0.9721175020277478,-0.9601537581079116
Encode-Decode_Experiment-5-1,2356125,0.891697,1.328417,32,0.9062,0.289429,False,,,11,1.0,0.134885,True,1.0,0.5,,,,,,,,,114.0,-0.38171944751774173,-0.37473056330316556,-0.6609866586710499,-0.11525487694066767,1.0971827825680869
Encode-Decode_Experiment-5-1,2386442,1.604467,1.590625,33,1.0,0.13122,False,,,1,1.0,0.077636,True,1.0,1.0,,,,,,,,,220.0,0.0972458774319856,1.4908114562418715,-0.4373914412499804,0.9721175020277478,-0.8208214646641735
Encode-Decode_Experiment-5-1,2371471,4.109819,1.549673,30,1.0,0.34825,False,,,7,1.0,0.087017,True,2.0,1.0,1.0,,,,,,,,387.0,1.7807857778114193,1.4908114562418715,-1.108177093513189,0.9721175020277478,1.8102833509709515
Encode-Decode_Experiment-5-1,2385550,4.027056,-0.988365,31,0.9032,0.273435,False,1.197008,1.129366,13,1.0,0.20224,False,2.0,0.333333,-1.0,,,,,,,,84.0,1.725170913003958,-0.9965791468461911,-0.8845818760921195,-0.1500322451379518,0.9032838265653766
Encode-Decode_Experiment-5-1,2350974,2.419643,2.664307,31,0.9032,0.254555,False,0.002826,0.020627,9,1.0,0.309613,False,3.0,0.5,-0.333333,,,,,,,,120.0,0.6450257190796684,-0.37473056330316556,-0.8845818760921195,-0.1500322451379518,0.674397226006969
Encode-Decode_Experiment-5-1,2369373,0.938574,-0.768908,33,1.0,0.247019,False,0.029462,,7,1.0,0.154891,False,2.0,0.666667,1.0,,,,,,,,121.0,-0.3502191633620275,0.24711802023985988,-0.4373914412499804,0.9721175020277478,0.5830365574789947
Encode-Decode_Experiment-5-1,2409918,3.512244,1.842019,32,0.875,0.147515,False,,,6,1.0,0.109382,False,1.0,0.5,,,,,,,,,100.0,1.3792288884125485,-0.37473056330316556,-0.6609866586710499,-0.4769395061924222,-0.6232734161419674
Encode-Decode_Experiment-5-1,2411268,3.167215,3.216424,31,0.8387,0.217167,False,,,8,1.0,0.091216,True,2.0,0.5,-1.0,,,,,,,,108.0,1.1473772011893495,-0.37473056330316556,-0.8845818760921195,-0.8977456613795596,0.22113386680793673
Encode-Decode_Experiment-5-1,2412687,1.850486,2.707623,30,0.9,0.155201,False,,,11,1.0,0.050348,False,2.0,1.0,1.0,,,,,,,,106.0,0.262565083176906,1.4908114562418715,-1.108177093513189,-0.1871281045483879,-0.530094262969726
Encode-Decode_Experiment-5-1,2383555,0.540034,0.57962,33,0.8788,0.171518,False,0.489985,-0.729921,12,1.0,0.186184,False,5.0,0.375,0.2,,,,,,,,121.0,-0.6180290327525242,-0.8411160681894249,-0.4373914412499804,-0.4328881731425287,-0.33227950336636086
Encode-Decode_Experiment-5-1,2397102,2.612768,1.575862,27,1.0,0.099939,False,0.936103,-1.067424,15,0.9333,0.065797,False,3.0,0.75,1.0,,,,,,,,161.0,0.774801352707509,0.558040446469353,-1.7789627457763975,0.9721175020277478,-1.2000482523796154
Encode-Decode_Experiment-5-1,2394020,1.195482,-1.186651,35,0.8286,0.314237,False,,,9,1.0,0.170952,False,2.0,1.0,1.0,,,,,,,,102.0,-0.17758279580701755,1.4908114562418715,0.009798993592158614,-1.0148294676437493,1.3979358962679265
Encode-Decode_Experiment-5-1,2387122,0.787895,-1.099642,28,0.9643,0.153336,False,,,8,0.875,0.151963,False,2.0,1.0,1.0,,,,,,,,169.0,-0.4514720446534679,1.4908114562418715,-1.5553675283553279,0.5582668204800678,-0.5527040887134458
Encode-Decode_Experiment-5-1,2347400,-0.901089,-0.615642,26,0.9231,0.202065,False,,,8,0.875,0.087039,True,1.0,0.5,,,,,,,,,239.0,-1.5864311063352028,-0.37473056330316556,-2.002557963197467,0.08065763057069962,0.03804883282313432
Encode-Decode_Experiment-6-1,2362704,-1.309045,-1.153218,29,1.0,0.190956,False,,,12,1.0,0.122563,False,2.0,0.666667,1.0,,,,,,,,63.0,-1.860568314838915,0.24711802023985988,-1.3317723109342585,0.9721175020277478,-0.09662813993128037
Encode-Decode_Experiment-6-1,2371471,-0.125714,-0.553138,32,1.0,0.45594,False,1.411844,-0.534538,14,0.9286,0.193007,False,2.0,0.666667,1.0,,,,,,,,120.0,-1.065396636824849,0.24711802023985988,-0.6609866586710499,0.9721175020277478,3.115834093245045
Encode-Decode_Experiment-6-1,2360001,-0.16576,1.026467,32,0.9688,0.271626,False,1.664121,2.444084,15,1.0,0.25415,False,7.0,0.5,-0.333333,,,,,,,,85.0,-1.0923066434229616,-0.37473056330316556,-0.6609866586710499,0.6104328727759933,0.8813529017555164
Encode-Decode_Experiment-6-1,2383555,0.934048,1.313543,34,0.9706,0.20003,False,-1.159367,-0.787815,12,1.0,0.127221,False,4.0,0.6,0.666667,,,,,,,,95.0,-0.3532605330334818,-0.0016221593941582384,-0.2137962238289109,0.6312992936943641,0.013378057815912144
Encode-Decode_Experiment-6-1,2347025,1.826539,0.107868,33,1.0,0.121724,False,,-0.435646,7,0.8571,0.102107,False,3.0,1.0,1.0,,,,,,,,83.0,0.24647324059574913,1.4908114562418715,-0.4373914412499804,0.9721175020277478,-0.9359436658772369
Encode-Decode_Experiment-6-1,2367132,5.049538,4.650896,33,0.9697,0.115855,False,,,11,1.0,0.040404,True,1.0,1.0,,,,,,,,,102.0,2.412255699660589,1.4908114562418715,-0.4373914412499804,0.6208660832351787,-1.007094908391924
Encode-Decode_Experiment-6-1,2349475,3.096367,3.039074,34,0.8529,0.08036,False,,,11,1.0,0.066824,False,1.0,0.333333,,,,,,,,,68.0,1.0997689469950955,-0.9965791468461911,-0.2137962238289109,-0.7331327852457483,-1.437408991380307
Encode-Decode_Experiment-6-1,2344622,0.912294,0.033181,37,0.8378,0.173965,False,,,11,1.0,0.184339,True,1.0,1.0,,,,,,,,,68.0,-0.3678787291962782,1.4908114562418715,0.45698942843429763,-0.9081788718387449,-0.302613957202885
Encode-Decode_Experiment-6-1,2374670,1.396636,2.228074,32,0.9688,0.198687,False,,,14,0.8571,0.148711,False,2.0,1.0,1.0,,,,,,,,64.0,-0.042411855707213314,1.4908114562418715,-0.6609866586710499,0.6104328727759933,-0.002903441365758599
Encode-Decode_Experiment-6-1,2370664,3.571791,1.506296,35,1.0,0.163746,False,,,8,0.875,0.116474,True,1.0,1.0,,,,,,,,,46.0,1.41924312611164,1.4908114562418715,0.009798993592158614,0.9721175020277478,-0.4265012544013154
Encode-Decode_Experiment-6-1,2385851,-1.28111,-1.38319,32,1.0,0.19194,False,0.637801,0.951833,16,1.0,0.18237,False,5.0,0.5,0.2,,,,,,,,55.0,-1.8417966264226364,-0.37473056330316556,-0.6609866586710499,0.9721175020277478,-0.08469888066488865
Encode-Decode_Experiment-6-1,2385550,2.059458,-0.26398,29,1.0,0.251104,False,,-0.645224,11,1.0,0.211528,False,1.0,0.333333,,,,,,,,,113.0,0.4029895425191823,-0.9965791468461911,-1.3317723109342585,0.9721175020277478,0.6325599559578663
Encode-Decode_Experiment-6-1,2348899,4.616014,3.246498,35,1.0,0.182372,False,,,10,1.0,0.189992,False,2.0,1.0,1.0,,,,,,,,114.0,2.1209373732249848,1.4908114562418715,0.009798993592158614,0.9721175020277478,-0.20069395450720012
Encode-Decode_Experiment-6-1,2412687,0.966807,0.929796,30,0.9,0.16231,False,,,12,0.9167,0.024125,True,1.0,0.5,,,,,,,,,17.0,-0.33124722568324527,-0.37473056330316556,-1.108177093513189,-0.1871281045483879,-0.44391021406243153
Encode-Decode_Experiment-6-1,2410309,0.437293,0.908452,28,1.0,0.247946,False,-0.182893,0.202808,12,1.0,0.153749,False,3.0,0.666667,0.333333,,,,,,,,107.0,-0.6870686618764491,0.24711802023985988,-1.5553675283553279,0.9721175020277478,0.594274792580565
Encode-Decode_Experiment-6-1,2369373,0.856473,-0.294537,31,0.9677,0.247005,False,,,11,1.0,0.084724,True,1.0,1.0,,,,,,,,,92.0,-0.40538917913667794,1.4908114562418715,-0.8845818760921195,0.5976811711036559,0.58286683224553
Encode-Decode_Experiment-6-1,2379478,1.855911,1.065372,32,0.9062,0.400067,False,-0.019527,0.030675,9,1.0,0.731697,False,2.0,0.333333,-1.0,,,,,,,,100.0,0.26621056052282727,-0.9965791468461911,-0.6609866586710499,-0.11525487694066767,2.4384728097175086
Encode-Decode_Experiment-6-1,150472,0.148726,-0.833412,34,1.0,0.091321,False,0.004845,,11,1.0,0.143513,False,4.0,0.5,0.0,,,,,,,,88.0,-0.8809791616516471,-0.37473056330316556,-0.2137962238289109,0.9721175020277478,-1.3045262568082359
Encode-Decode_Experiment-6-1,2347400,2.118652,2.206127,33,0.8788,0.192583,False,,,7,1.0,0.029833,True,0.0,0.0,,,,,,,,,38.0,0.4427665721992674,-2.2402725828482026,-0.4373914412499804,-0.4328881731425287,-0.07690364315646403
Encode-Decode_Experiment-6-1,2345035,-0.137722,-0.845353,36,0.9444,0.245816,False,-0.662938,-0.006514,17,0.8824,0.222534,False,4.0,0.4,0.0,,,,,,,,161.0,-1.0734657413354152,-0.7478389672121729,0.23339421101322813,0.3275769447714164,0.5684523106319735
Encode-Decode_Experiment-6-1,2356125,1.966251,1.554132,35,0.8,0.322228,False,,,11,1.0,0.096,True,1.0,1.0,,,,,,,,,185.0,0.34035654584060554,1.4908114562418715,0.009798993592158614,-1.3463737111245238,1.4948126348835111
Encode-Decode_Experiment-6-1,2387122,-0.655078,-1.044151,29,0.931,0.155136,False,,,9,0.7778,0.113202,False,2.0,0.5,-1.0,,,,,,,,134.0,-1.42111727640941,-0.37473056330316556,-1.3317723109342585,0.17223803349021458,-0.5308822729822418
Encode-Decode_Experiment-6-1,2397102,2.892702,2.223333,36,1.0,0.127659,False,,,16,1.0,0.056933,False,2.0,1.0,1.0,,,,,,,,102.0,0.9629106716666079,1.4908114562418715,0.23339421101322813,0.9721175020277478,-0.8639922901190723
Encode-Decode_Experiment-6-1,2408717,0.282677,-0.082811,35,0.6857,0.206332,False,-0.55301,-1.363012,16,1.0,0.187457,False,3.0,0.5,-0.333333,,,,,,,,83.0,-0.7909671181560722,-0.37473056330316556,0.009798993592158614,-2.671391439441048,0.08977865933704973
Encode-Decode_Experiment-6-1,2411268,2.651614,3.541189,35,0.9714,0.307716,False,,,12,1.0,0.068618,True,2.0,0.5,-1.0,,,,,,,,63.0,0.8009049864364778,-0.37473056330316556,0.009798993592158614,0.6405732585469734,1.3188803071661586
Encode-Decode_Experiment-6-1,2394020,1.280156,-1.115611,31,0.871,0.29524,False,,,8,1.0,0.110969,True,2.0,1.0,1.0,,,,,,,,76.0,-0.12068378220544443,1.4908114562418715,-0.8845818760921195,-0.5233093304554677,1.1676308776869908
Encode-Decode_Experiment-6-1,2409918,3.154715,2.815255,37,0.8108,0.158141,False,-2.025188,-1.422227,15,0.9333,0.063637,False,3.0,1.0,1.0,,,,,,,,124.0,1.1389774838024342,1.4908114562418715,0.45698942843429763,-1.2211751856143018,-0.4944519639420926
Encode-Decode_Experiment-6-1,2350974,0.27817,0.322138,34,0.7353,0.194641,False,0.644475,0.672057,10,1.0,0.296096,False,3.0,0.666667,0.333333,,,,,,,,77.0,-0.7939957202570984,0.24711802023985988,-0.2137962238289109,-2.096405618579285,-0.05195403383712062
Encode-Decode_Experiment-6-1,2356991,1.333765,1.104845,37,1.0,0.148127,False,,,10,1.0,0.094366,False,2.0,1.0,1.0,,,,,,,,96.0,-0.0846597462538332,1.4908114562418715,0.45698942843429763,0.9721175020277478,-0.615853998793358
Encode-Decode_Experiment-6-1,2386442,2.49643,2.396599,36,1.0,0.136083,False,0.727411,0.989571,16,1.0,0.073559,False,3.0,0.6,1.0,,,,,,,,102.0,0.6966248469987933,-0.0016221593941582384,0.23339421101322813,0.9721175020277478,-0.761866192497037
Encode-Decode_Experiment-7-1,2412687,2.288554,3.046265,28,0.8929,0.119326,False,,,12,1.0,0.053315,True,2.0,1.0,1.0,,,,,,,,52.0,0.5569368748770015,1.4908114562418715,-1.5553675283553279,-0.26943454261529354,-0.9650151737235855
Encode-Decode_Experiment-7-1,2370664,-0.184854,-0.547579,21,1.0,0.15048,False,,,8,1.0,0.155909,False,1.0,0.5,,,,,,,,,30.0,-1.1051373797258226,-0.37473056330316556,-3.1205340503028145,0.9721175020277478,-0.5873280363402896
Encode-Decode_Experiment-7-1,2348899,4.344444,4.245341,31,1.0,0.151387,False,-0.025828,,11,1.0,0.132255,False,2.0,0.666667,1.0,,,,,,,,137.0,1.938448473163819,0.24711802023985988,-0.8845818760921195,0.9721175020277478,-0.5763322658579553
Encode-Decode_Experiment-7-1,2374670,1.782472,1.272177,37,0.8919,0.238978,False,-0.550838,0.013212,13,1.0,0.202547,False,5.0,0.6,0.0,,,,,,,,41.0,0.21686121290861365,-0.0016221593941582384,0.45698942843429763,-0.2810269986810549,0.48555365731532146
Encode-Decode_Experiment-7-1,2349475,0.748411,1.213572,36,0.7778,0.074432,False,-0.827606,,9,1.0,0.081452,False,3.0,0.75,1.0,,,,,,,,66.0,-0.47800439995786487,0.558040446469353,0.23339421101322813,-1.603726235784426,-1.5092755045217392
Encode-Decode_Experiment-7-1,2385851,-0.621581,-0.295882,34,0.8235,0.19349,False,,,6,1.0,0.229958,False,3.0,0.25,-1.0,,,,,,,,56.0,-1.39860804974465,-1.3075015730756843,-0.2137962238289109,-1.073950993579132,-0.06590787267412962
Encode-Decode_Experiment-7-1,2345035,0.932135,2.564691,37,0.9459,0.201809,False,0.923372,0.132466,17,0.9412,0.257736,False,6.0,0.5,0.6,,,,,,,,27.0,-0.3545460257823753,-0.37473056330316556,0.45698942843429763,0.3449656288700578,0.03494528569691856
Encode-Decode_Experiment-7-1,150472,1.41076,0.080443,30,0.9333,0.096645,False,,,1,1.0,0.243138,True,1.0,1.0,,,,,,,,,54.0,-0.03292084703739001,1.4908114562418715,-1.108177093513189,0.19890068244146533,-1.239982175167719
Encode-Decode_Experiment-7-1,2397102,2.382196,2.973796,39,0.9487,0.127476,False,0.012053,,4,1.0,0.053164,False,3.0,0.666667,-0.333333,,,,,,,,95.0,0.619862181720643,0.24711802023985988,0.9041798632764366,0.3774245058541899,-0.866210841385078
Encode-Decode_Experiment-7-1,2367132,3.855499,4.640196,36,0.8611,0.101701,False,,,11,1.0,0.046373,False,2.0,0.666667,1.0,,,,,,,,115.0,1.6098884877441964,0.24711802023985988,0.23339421101322813,-0.6380746455065054,-1.1786871194249589
Encode-Decode_Experiment-7-1,2347400,0.984843,0.99418,33,1.0,0.215651,False,-0.537993,-0.499543,22,0.9545,0.124912,False,2.0,0.333333,1.0,,,,,,,,39.0,-0.319127441460013,-0.9965791468461911,-0.4373914412499804,0.9721175020277478,0.2027550486698783
Encode-Decode_Experiment-7-1,2356125,1.173365,1.729532,37,0.9189,0.227187,False,-0.696795,,7,1.0,0.111202,False,3.0,0.5,0.333333,,,,,,,,0.0,-0.1924449197627299,-0.37473056330316556,0.45698942843429763,0.03196931509450211,0.3426086410449729
Encode-Decode_Experiment-7-1,2369373,0.183473,0.889763,30,1.0,0.241064,False,1.498476,,11,1.0,0.209851,False,3.0,0.666667,0.333333,,,,,,,,56.0,-0.8576299632481955,0.24711802023985988,-1.108177093513189,0.9721175020277478,0.5108427171015947
Encode-Decode_Experiment-7-1,2383555,0.749032,-0.735721,37,0.7838,0.133659,False,-0.793201,,6,1.0,0.178851,False,2.0,0.5,1.0,,,,,,,,115.0,-0.4775871019980829,-0.37473056330316556,0.45698942843429763,-1.5341714993898576,-0.7912529043483919
Encode-Decode_Experiment-7-1,2347025,-0.06041,-1.594998,43,0.9767,0.091408,False,,-0.459827,4,0.75,0.1221,False,3.0,0.666667,-0.333333,,,,,,,,89.0,-1.02151382528604,0.24711802023985988,1.7985607329607147,0.7020132756955083,-1.303471535714561
Encode-Decode_Experiment-7-1,2409918,2.332896,1.390204,36,1.0,0.165495,False,1.925675,1.275686,7,1.0,0.095537,False,4.0,0.75,0.333333,,,,,,,,94.0,0.5867336963466492,0.558040446469353,0.23339421101322813,0.9721175020277478,-0.4052977234491621
Encode-Decode_Experiment-7-1,2360001,-1.217876,-0.324731,35,0.9714,0.326806,False,0.331708,0.297059,12,1.0,0.117727,False,4.0,0.6,0.333333,,,,,,,,65.0,-1.7993048080831007,-0.0016221593941582384,0.009798993592158614,0.6405732585469734,1.5503127862265398
Encode-Decode_Experiment-7-1,2386442,4.627566,4.987966,35,1.0,0.148875,False,,,4,1.0,0.066974,False,2.0,1.0,1.0,,,,,,,,168.0,2.1287000560452767,1.4908114562418715,0.009798993592158614,0.9721175020277478,-0.6067858220339466
Encode-Decode_Experiment-7-1,2371471,1.745154,0.462466,28,1.0,0.354357,False,2.062537,2.302602,15,0.8667,0.179959,False,3.0,0.4,-0.333333,,,,,,,,79.0,0.19178436063302137,-0.7478389672121729,-1.5553675283553279,0.9721175020277478,1.884319922454542
Encode-Decode_Experiment-7-1,2362704,-0.165852,0.597545,27,0.9259,0.179319,False,,,12,0.8333,0.193286,False,2.0,0.5,1.0,,,,,,,,24.0,-1.0923684653429293,-0.37473056330316556,-1.7789627457763975,0.11311650755483042,-0.23770617863351462
Encode-Decode_Experiment-7-1,2356991,2.005123,1.600837,38,0.9474,0.177353,False,,,10,0.9,0.077921,True,1.0,1.0,,,,,,,,,126.0,0.36647765098173934,1.4908114562418715,0.6805846458553672,0.3623543129687005,-0.26154045070437415
Encode-Decode_Experiment-7-1,2350974,3.169868,3.386176,36,0.9167,0.264149,False,0.012471,0.011031,10,1.0,0.140316,False,4.0,0.75,0.666667,,,,,,,,1.0,1.1491599572075484,0.558040446469353,0.23339421101322813,0.00646591174982607,0.7907075038542875
Encode-Decode_Experiment-7-1,2411268,1.062827,0.261892,39,0.9231,0.173866,False,,,10,1.0,0.068153,False,1.0,0.5,,,,,,,,,119.0,-0.266723956603917,-0.37473056330316556,0.9041798632764366,0.08065763057069962,-0.30381415706810144
Encode-Decode_Experiment-7-1,2379478,2.159423,0.857453,28,0.8214,0.490175,False,-0.828673,,5,1.0,0.47059,False,1.0,0.25,,,,,,,,,0.0,0.4701637624058211,-1.3075015730756843,-1.5553675283553279,-1.098295151317231,3.5308729052215857
Encode-Decode_Experiment-7-1,2387122,2.967508,1.898518,32,0.9062,0.144433,False,0.004738,-0.429208,9,0.7778,0.092788,False,4.0,0.6,0.0,,,,,,,,124.0,1.0131786123742546,-0.0016221593941582384,-0.6609866586710499,-0.11525487694066767,-0.6606372139661736
Encode-Decode_Experiment-7-1,2344622,0.271614,-1.278616,33,0.8485,0.198161,False,-0.780845,,11,0.9091,0.122471,False,3.0,1.0,1.0,,,,,,,,90.0,-0.7984012040321877,1.4908114562418715,-0.4373914412499804,-0.7841395919350979,-0.009280260851654891
Encode-Decode_Experiment-7-1,2408717,-1.207143,-0.597033,28,0.7143,0.233471,False,,,10,0.9,0.098073,False,2.0,1.0,1.0,,,,,,,,81.0,-1.7920924747459999,1.4908114562418715,-1.5553675283553279,-2.3398471959602722,0.4187910244087989
Encode-Decode_Experiment-7-1,2394020,0.604723,-1.365737,31,0.8387,0.247806,False,0.076489,-0.790641,5,1.0,0.329782,False,2.0,0.5,1.0,,,,,,,,61.0,-0.5745594873091513,-0.37473056330316556,-0.8845818760921195,-0.8977456613795596,0.5925775402459158
Encode-Decode_Experiment-7-1,2410309,-0.041977,0.245724,29,0.931,0.25357,False,,,15,1.0,0.123614,False,0.0,0.0,,,,,,,,,75.0,-1.0091272660385993,-2.2402725828482026,-1.3317723109342585,0.17223803349021458,0.6624558435096163
Encode-Decode_Experiment-7-1,2385550,2.376866,-1.353456,40,0.95,0.202622,False,-0.007466,0.762362,5,1.0,0.249387,False,3.0,0.5,0.333333,,,,,,,,132.0,0.6162805422268625,-0.37473056330316556,1.1277750806975062,0.39249469873967935,0.04480147246884584
Encode-Decode_Experiment-8-1,2379478,4.63285,3.552256,36,0.9167,0.425175,False,-0.423969,,10,0.4,0.165363,False,1.0,0.333333,,,,,,,,,40.0,2.1322507845790737,-0.9965791468461911,0.23339421101322813,0.00646591174982607,2.7428628927058822
Encode-Decode_Experiment-8-1,2412687,1.034705,1.270628,32,0.8438,0.166302,False,0.051169,0.243306,17,1.0,0.051626,False,3.0,0.4,0.333333,,,,,,,,84.0,-0.28562130479230347,-0.7478389672121729,-0.6609866586710499,-0.8386241354441767,-0.3955142760630056
Encode-Decode_Experiment-8-1,2387122,1.562034,1.593014,36,0.9444,0.141841,False,-0.471989,,7,0.4286,0.104128,False,3.0,0.333333,-1.0,,,,,,,,73.0,0.06873186080166746,-0.9965791468461911,0.23339421101322813,0.3275769447714164,-0.6920606286191076
Encode-Decode_Experiment-8-1,2356125,-0.631323,-1.301204,37,0.973,0.242599,False,,,13,0.6923,0.067349,False,2.0,0.666667,1.0,,,,,,,,95.0,-1.405154453487316,0.24711802023985988,0.45698942843429763,0.6591211882521909,0.5294518766279271
Encode-Decode_Experiment-8-1,2369373,1.520159,0.171343,34,0.9706,0.255906,False,1.310598,,11,1.0,0.228784,False,4.0,0.6,0.333333,,,,,,,,0.0,0.04059280755550142,-0.0016221593941582384,-0.2137962238289109,0.6312992936943641,0.6907757110363345
Encode-Decode_Experiment-8-1,2386442,1.92352,2.731982,38,0.9737,0.147193,False,-0.800303,-0.75826,10,1.0,0.04922,False,4.0,0.333333,0.0,,,,,,,,92.0,0.31164227994778343,-0.9965791468461911,0.6805846458553672,0.6672359074982241,-0.6271770965116608
Encode-Decode_Experiment-8-1,2385851,0.060765,-0.738824,37,0.9189,0.201447,False,,,12,0.0833,0.007572,True,1.0,1.0,,,,,,,,,40.0,-0.9400869649372834,1.4908114562418715,0.45698942843429763,0.03196931509450211,0.03055667608875416
Encode-Decode_Experiment-8-1,2344622,0.73344,0.747616,34,0.7647,0.241018,False,-1.006592,-0.646995,9,0.8889,0.114116,False,4.0,0.4,0.0,,,,,,,,51.0,-0.48806457347782556,-0.7478389672121729,-0.2137962238289109,-1.7555874102458997,0.5102850484773529
Encode-Decode_Experiment-8-1,2397102,1.123851,0.30753,37,1.0,0.113161,False,,,9,1.0,0.048791,False,2.0,0.666667,1.0,,,,,,,,76.0,-0.2257172082983877,0.24711802023985988,0.45698942843429763,0.9721175020277478,-1.0397548926029594
Encode-Decode_Experiment-8-1,2347025,1.830741,0.527908,42,1.0,0.123411,False,0.114689,-0.001368,12,1.0,0.098938,False,5.0,0.6,0.4,,,,,,,,87.0,0.2492968895925346,-0.0016221593941582384,1.5749655155396451,0.9721175020277478,-0.9154917752447138
Encode-Decode_Experiment-8-1,2367132,5.486701,5.663553,45,0.9778,0.103068,False,-0.667473,,17,0.9412,0.044989,False,3.0,0.4,-0.333333,,,,,,,,65.0,2.706019351821872,-0.7478389672121729,2.2457511678028537,0.7147649773678457,-1.1621146627002055
Encode-Decode_Experiment-8-1,2394020,2.496872,0.004021,38,0.8684,0.257362,False,,,3,0.6667,0.216554,True,2.0,0.5,-1.0,,,,,,,,92.0,0.6969218610055947,-0.37473056330316556,0.6805846458553672,-0.5534497162264478,0.7084271353166858
Encode-Decode_Experiment-8-1,2374670,1.056789,1.445137,42,0.8095,0.255874,False,0.345381,0.295135,8,1.0,0.162787,False,3.0,1.0,1.0,,,,,,,,54.0,-0.2707813560904926,1.4908114562418715,1.5749655155396451,-1.2362453784997913,0.6903877676455572
Encode-Decode_Experiment-8-1,2370664,1.982342,-0.419512,41,1.0,0.147608,False,,,7,1.0,0.170321,True,1.0,1.0,,,,,,,,,50.0,0.35116933403843387,1.4908114562418715,1.3513702981185758,0.9721175020277478,-0.6221459556625221
Encode-Decode_Experiment-8-1,2383555,0.383423,0.774295,40,0.95,0.222199,False,,,3,1.0,0.102885,True,1.0,0.5,,,,,,,,,62.0,-0.723268083927099,-0.37473056330316556,1.1277750806975062,0.39249469873967935,0.28213796500761407
Encode-Decode_Experiment-8-1,150472,3.588978,4.256883,40,0.975,0.097512,False,0.913255,0.883508,9,1.0,0.114286,False,1.0,0.2,,,,,,,,,85.0,1.430792401529953,-1.494055775030188,1.1277750806975062,0.6823061003837136,-1.2294713339238554
Encode-Decode_Experiment-8-1,2411268,2.259676,1.97729,35,0.9143,0.221108,False,-0.824366,-0.61717,19,1.0,0.081119,False,4.0,0.6,0.666667,,,,,,,,14.0,0.5375315117810543,-0.0016221593941582384,0.009798993592158614,-0.021355982808000704,0.2689115200283119
Encode-Decode_Experiment-8-1,2409918,3.39246,1.585622,37,0.8649,0.152732,False,-1.422082,,14,1.0,0.051935,False,4.0,0.75,0.333333,,,,,,,,51.0,1.2987367486146075,0.558040446469353,0.45698942843429763,-0.5940233124566119,-0.560026520214361
Encode-Decode_Experiment-8-1,2385550,3.001805,0.764713,41,0.9268,0.273839,False,0.54853,,13,0.6154,0.257258,False,3.0,0.6,1.0,,,,,,,,56.0,1.0362254209517774,-0.0016221593941582384,1.3513702981185758,0.12354971801401579,0.9081816118739359
Encode-Decode_Experiment-8-1,2360001,2.657856,2.576825,37,1.0,0.273491,False,0.677443,1.50134,14,0.8571,0.211829,False,6.0,0.375,-0.066667,,,,,,,,78.0,0.805099469310808,-0.8411160681894249,0.45698942843429763,0.9721175020277478,0.9039627274992362
Encode-Decode_Experiment-8-1,2371471,2.491041,-0.977904,34,1.0,0.359251,False,1.193143,0.638368,13,0.7692,0.158863,False,2.0,0.666667,1.0,,,,,,,,112.0,0.6930035608389464,0.24711802023985988,-0.2137962238289109,0.9721175020277478,1.9436510147814936
Encode-Decode_Experiment-8-1,2408717,0.036244,0.070182,39,0.8718,0.226803,False,,,15,1.0,0.080718,False,1.0,0.333333,,,,,,,,,85.0,-0.9565645225408473,-0.9965791468461911,0.9041798632764366,-0.5140353656028583,0.3379533203556494
Encode-Decode_Experiment-8-1,2350974,3.962759,3.565626,38,0.9211,0.268728,False,0.04303,-0.032254,8,1.0,0.067282,False,4.0,0.5,-0.666667,,,,,,,,77.0,1.6819647826978388,-0.37473056330316556,0.6805846458553672,0.057472718439176874,0.8462197784282783
Encode-Decode_Experiment-8-1,2349475,2.198678,3.429503,38,1.0,0.068237,False,1.420862,1.147337,10,0.9,0.138148,False,3.0,0.428571,1.0,,,,,,,,48.0,0.49654223488768995,-0.6412381651313306,0.6805846458553672,0.9721175020277478,-1.5843789203299663
Encode-Decode_Experiment-8-1,2356991,0.204838,0.462377,39,0.9744,0.169588,False,0.832764,,5,1.0,0.050667,False,4.0,0.6,0.0,,,,,,,,132.0,-0.84327316629048,-0.0016221593941582384,0.9041798632764366,0.6753506267442575,-0.3556773391225965
Encode-Decode_Experiment-8-1,2348899,3.74928,4.212406,38,1.0,0.205653,False,-0.342669,-0.796273,15,0.9333,0.079226,False,2.0,0.4,1.0,,,,,,,,126.0,1.538511721254536,-0.7478389672121729,0.6805846458553672,0.9721175020277478,0.08154698551400125
Encode-Decode_Experiment-8-1,2362704,1.405148,1.051653,36,0.9444,0.205955,False,,,10,0.6,0.065629,False,2.0,0.25,-1.0,,,,,,,,73.0,-0.03669198415541945,-1.3075015730756843,0.23339421101322813,0.3275769447714164,0.08520820126445879
Encode-Decode_Experiment-8-1,2345035,1.879344,1.748502,38,0.9211,0.289683,False,,,5,0.6,0.095865,False,3.0,0.666667,0.333333,,,,,,,,102.0,0.28195700672503393,0.24711802023985988,0.6805846458553672,0.057472718439176874,1.1002620832323793
Encode-Decode_Experiment-8-1,2410309,2.043639,1.631061,41,0.9756,0.282692,False,0.271854,-0.29776,8,1.0,0.133387,False,3.0,1.0,1.0,,,,,,,,58.0,0.39235953217169356,1.4908114562418715,1.3513702981185758,0.6892615740231709,1.0155085755785747
Encode-Decode_Experiment-8-1,2347400,0.467842,0.335853,45,0.9111,0.263876,False,1.437579,1.022601,15,1.0,0.081354,False,6.0,0.375,-0.066667,,,,,,,,41.0,-0.6665404245602191,-0.8411160681894249,2.2457511678028537,-0.058451842218436835,0.7873978618017212
Encode-Decode_Experiment-9-1,2409918,2.625336,,31,0.8065,0.050967,False,0.308519,0.179792,21,1.0,0.0907,False,2.0,0.25,-1.0,,,,,,,,154.0,0.783246764557009,-1.3075015730756843,-0.8845818760921195,-1.2710227466970754,-1.793747119039908
Encode-Decode_Experiment-9-1,2412687,1.958574,-0.743982,30,0.7333,0.12542,False,,,19,1.0,0.023774,False,1.0,0.5,,,,,,,,,197.0,0.33519777541025775,-0.37473056330316556,-1.108177093513189,-2.1195905307108074,-0.8911362042424977
Encode-Decode_Experiment-9-1,2347025,2.598256,1.927722,26,0.8077,0.088606,False,,,17,0.8824,0.068684,False,2.0,1.0,1.0,,,,,,,,134.0,0.7650496168099961,1.4908114562418715,-2.002557963197467,-1.257111799418162,-1.3374408288694686
Encode-Decode_Experiment-9-1,2383555,1.699468,1.177805,33,0.9697,0.22862,False,-0.512508,-0.512152,19,1.0,0.169818,False,7.0,0.5,0.047619,,,,,,,,244.0,0.16108440154993245,-0.37473056330316556,-0.4373914412499804,0.6208660832351787,0.35998123101320356
Encode-Decode_Experiment-9-1,2394020,-0.590967,-0.868963,37,0.5676,0.308736,False,-0.002349,-0.792538,19,1.0,0.220251,False,5.0,0.4,-0.2,,,,,,,,162.0,-1.3780361338980078,-0.7478389672121729,0.45698942843429763,-4.040460500807464,1.3312460027471746
Encode-Decode_Experiment-9-1,2360001,0.410768,0.516923,34,1.0,0.174152,False,-0.929238,,18,1.0,0.251854,False,3.0,0.2,-1.0,,,,,,,,94.0,-0.7048928621714832,-1.494055775030188,-0.2137962238289109,0.9721175020277478,-0.30034691301303224
Encode-Decode_Experiment-9-1,2356125,0.496497,0.447397,36,0.7778,0.106559,False,,-1.082983,16,0.8125,0.084981,False,2.0,0.333333,-1.0,,,,,,,,325.0,-0.6472849124224546,-0.9965791468461911,0.23339421101322813,-1.603726235784426,-1.1197924634126313
Encode-Decode_Experiment-9-1,2408717,1.655676,0.870265,37,0.8378,0.186735,False,1.625068,-0.420958,20,1.0,0.303272,False,4.0,0.222222,-0.333333,,,,,,,,279.0,0.13165716764530896,-1.4111436255135281,0.45698942843429763,-0.9081788718387449,-0.1478002978209537
Encode-Decode_Experiment-9-1,2356991,1.018636,3.187482,32,0.7812,0.152339,False,-0.020004,,12,1.0,0.019098,False,2.0,0.333333,-1.0,,,,,,,,135.0,-0.2964193094875307,-0.9965791468461911,-0.6609866586710499,-1.5643118851608377,-0.5647909499823405
Encode-Decode_Experiment-9-1,2411268,0.855837,0.593857,36,0.5833,0.080255,False,,,8,0.875,0.079061,False,3.0,0.666667,0.333333,,,,,,,,194.0,-0.4058165567573242,0.24711802023985988,0.23339421101322813,-3.8584589405750105,-1.438681930631294
Encode-Decode_Experiment-9-1,2385851,0.564743,0.603015,35,0.7143,0.167463,False,,,11,1.0,0.341527,True,1.0,1.0,,,,,,,,,55.0,-0.6014251433994611,1.4908114562418715,0.009798993592158614,-2.3398471959602722,-0.381439204916379
Encode-Decode_Experiment-9-1,2348899,0.028133,-0.462537,18,1.0,0.090338,False,3.104365,1.829715,20,0.95,0.200948,False,3.0,0.4,-0.333333,,,,,,,,397.0,-0.9620149311588689,-0.7478389672121729,-3.7913197025660232,0.9721175020277478,-1.3164433928436656
Encode-Decode_Experiment-9-1,150472,0.199746,-0.4888,22,0.8182,0.10836,False,1.540368,0.124246,22,0.9545,0.09138,False,4.0,0.6,0.333333,,,,,,,,126.0,-0.8466948751652138,-0.0016221593941582384,-2.896938832881745,-1.135391010727667,-1.0979585244504655
